id,institutionCode,collectionCode,ownerInstitutionCode,basisOfRecord,occurrenceID,catalogNumber,otherCatalogNumbers,higherClassification,kingdom,phylum,class,order,family,scientificName,taxonID,scientificNameAuthorship,genus,subgenus,specificEpithet,verbatimTaxonRank,infraspecificEpithet,cultivarEpithet,tradeName,taxonRank,identifiedBy,dateIdentified,identificationReferences,identificationRemarks,taxonRemarks,identificationQualifier,typeStatus,recordedBy,associatedCollectors,recordNumber,eventDate,eventDate2,eventtime,year,month,day,startDayOfYear,endDayOfYear,verbatimEventDate,occurrenceRemarks,habitat,substrate,verbatimAttributes,behavior,vitality,fieldNumber,eventID,informationWithheld,dataGeneralizations,dynamicProperties,associatedSequences,associatedTaxa,reproductiveCondition,establishmentMeans,cultivationStatus,lifeStage,sex,individualCount,samplingProtocol,preparations,locationID,continent,waterBody,islandGroup,island,country,countryCode,stateProvince,county,municipality,locality,locationRemarks,recordSecurity,securityReason,decimalLatitude,decimalLongitude,geodeticDatum,coordinateUncertaintyInMeters,verbatimCoordinates,georeferencedBy,georeferenceProtocol,georeferenceSources,georeferenceVerificationStatus,georeferenceRemarks,minimumElevationInMeters,maximumElevationInMeters,minimumDepthInMeters,maximumDepthInMeters,verbatimDepth,verbatimElevation,disposition,language,recordEnteredBy,modified,sourcePrimaryKey-dbpk,collID,recordID,references
68367,UCSB,IZC,,PreservedSpecimen,a649ef56-c7b9-4f91-8595-04584d159d5f,UCSB-IZC00008208,,,Animalia,Arthropoda,Insecta,Hymenoptera,Halictidae,Agapostemon subtilior,68885,Cockerell 1898,Agapostemon,,subtilior,,,,,Species,Katja Seltmann,1/24/2025,"European Journal of Taxonomy 958: 203?241 ISSN 2118-9773, https://doi.org/10.5852/ejt.2024.958.2671",,,,,Martin Kellogg,,,7/12/2001,,,2001,7,12,193,,7/12/2001,0925-0945 PDT,on flowers,Hypochaeris radicata,,,,,,,,,,,,,,Adult,Female,1,,Pinned,,North America,,,,United States,US,California,Santa Barbara,Isla Vista,Northeast corner of Perfect Park,,0,,34.411598,-119.85567,WGS84,30,,entan (2019-09-16 11:12:13),,georef batch tool 2019-09-16; GeoLocate,reviewed - high confidence,,,,,,,,,,,2/7/2020 9:42,830697,6,97646deb-0fe6-40c5-95c5-0ecfa2080630,https://library.big-bee.net/portal/collections/individual/index.php?occid=68367
68376,UCSB,IZC,,PreservedSpecimen,e832306d-c058-4c7d-9662-210fbe93c59e,UCSB-IZC00000964,,,Animalia,Arthropoda,Insecta,Hymenoptera,Apidae,Bombus vosnesenskii,7022,"Radoszkowski, 1862",Bombus,,vosnesenskii,,,,,Species,Rachel Behm,2017,,,,,,A. Mora,,,6/2/2003,,,2003,6,2,153,,6/2/2003,On label: prep: K. Townsend,,,,,,,,,,,,,,,,Adult,Female,1,,Pinned,,North America,,,,United States,US,California,Santa Barbara,,Lake Los Carneros,,0,,34.441666,-119.848335,WGS84,464,,rbehm (2018-09-28 15:21:44),,georef batch tool 2018-09-28; GeoLocate,reviewed - high confidence,,,,,,,,,,phorsley,12/28/2020 12:48,832044,6,b2d638e5-5d51-4ea0-adca-09d3f7176255,https://library.big-bee.net/portal/collections/individual/index.php?occid=68376
68385,UCSB,IZC,,PreservedSpecimen,db51c564-bb6b-4e86-90d7-a220f4637192,UCSB-IZC00009007,,,Animalia,Arthropoda,Insecta,Hymenoptera,Apidae,Apis mellifera,6324,"Linnaeus, 1758",Apis,,mellifera,,,,,Species,Rachel Behm,2017,,,,,,Ashley Treahy,,,6/2/2015,,,2015,6,2,153,,6/2/2015,,,,,,,,,,,,,,,,,Adult,Female,1,,Pinned,,North America,,,,United States,US,California,Santa Barbara,,Lizard's Mouth,,0,,34.501706,-119.866252,WGS84,226,,entan (2019-08-08 17:25:02),,georef batch tool 2019-08-08; GeoLocate,reviewed - high confidence,,,,,,,,,,phorsley,12/28/2020 12:48,832058,6,013e39b3-d140-4f15-ad13-4d3fae81cc52,https://library.big-bee.net/portal/collections/individual/index.php?occid=68385
68414,UCSB,IZC,,PreservedSpecimen,07bd3ba0-2dc8-4bd8-bb60-2596668cc6c7,UCSB-IZC00009049,,,Animalia,Arthropoda,Insecta,Hymenoptera,Apidae,Apis mellifera,6324,"Linnaeus, 1758",Apis,,mellifera,,,,,Species,Rachel Behm,2017,,,,,,,,,5/8/1981,,,1981,5,8,128,,5/8/1981,,,,,,,,,,,,,,,,,Adult,Female,1,,Pinned,,North America,,,,United States,US,California,Santa Barbara,,Rattlesnake Canyon,,0,,34.471588,-119.687669,WGS84,3036,,rbehm (2018-09-28 15:51:51),,georef batch tool 2018-09-28; GeoLocate,reviewed - high confidence,,,,,,,,,,phorsley,12/28/2020 12:48,832087,6,b0d5c16c-65a3-48dc-b310-5518f3ea5704,https://library.big-bee.net/portal/collections/individual/index.php?occid=68414
68416,UCSB,IZC,,PreservedSpecimen,f51686d2-0a0c-41a6-86b6-323c326c845e,UCSB-IZC00009052,,,Animalia,Arthropoda,Insecta,Hymenoptera,Apidae,Apis mellifera,6324,"Linnaeus, 1758",Apis,,mellifera,,,,,Species,Rachel Behm,2017,,,,,,Kevin Phan,,,6/21/2016,,,2016,6,21,173,,6/21/2016,,,,,,,,,,,,,,,,,Adult,Female,1,,Pinned,,North America,,,,United States,US,California,Santa Barbara,Santa Barbara,"University of California, Santa Barbara West Lagoon",,0,,34.4059,-119.8444,,,,,,,,,,,,,,,,,phorsley,12/28/2020 12:48,832089,6,8bbba836-2912-4309-a670-88a98eea9918,https://library.big-bee.net/portal/collections/individual/index.php?occid=68416
68553,UCSB,IZC,,PreservedSpecimen,8d6f8cff-d0e4-4356-a4ea-9fdac779089b,UCSB-IZC00010322,,,Animalia,Arthropoda,Insecta,Hymenoptera,Apidae,Anthophora edwardsii,5957,"Cresson, 1878",Anthophora,,edwardsii,,,,,Species,Jamie Pawelek,2017,,,,,,C.F. Soo Hoo,,,4/5/1956,,,1956,4,5,96,,4/5/1956,,,,,,,,,,,,,,,,,Adult,Female,1,,Pinned,,North America,,,,United States,US,California,Santa Barbara,,Refugio Canyon,,0,,34.499476,-120.077838,WGS84,8159,,rbehm (2018-09-17 15:19:50),,georef batch tool 2018-09-17,reviewed - high confidence,,,,,,,,,,phorsley,12/28/2020 12:48,832366,6,41f75601-3d97-455e-8e31-a69c3e09c335,https://library.big-bee.net/portal/collections/individual/index.php?occid=68553
68586,UCSB,IZC,,PreservedSpecimen,1aeb3cb5-e5f4-4ab2-93c6-bd14e3b34d87,UCSB-IZC00010360,,,Animalia,Arthropoda,Insecta,Hymenoptera,Apidae,Apis mellifera,6324,"Linnaeus, 1758",Apis,,mellifera,,,,,Species,Rachel Behm,2017,,,,,,Vasili Vagenas,,,5/28/2016,,,2016,5,28,149,,5/28/2016,,,,,,,,,,,,,,,,,Adult,,1,,Pinned,,North America,,,,United States,US,California,Santa Barbara,,Jesusita Trail,,0,,34.463987,-119.724283,WGS84,658,,entan (2019-08-29 15:56:08),,georef batch tool 2019-08-29; GeoLocate,reviewed - high confidence,,,,,,,,,,phorsley,12/28/2020 12:48,832399,6,64c9a9a0-0733-47fc-84a0-1606f2453851,https://library.big-bee.net/portal/collections/individual/index.php?occid=68586
68602,UCSB,IZC,,PreservedSpecimen,223be1a4-1789-42fd-9d55-02d8a29475b0,UCSB-IZC00010379,,,Animalia,Arthropoda,Insecta,Hymenoptera,Apidae,Anthophora edwardsii,5957,"Cresson, 1878",Anthophora,,edwardsii,,,,,Species,Jamie Pawelek,2017,,,,,,Al Green,,,1953-00-00,,,1953,0,0,,,1953,,,,,,,,,,,,,,,,,Adult,Female,1,,Pinned,,North America,,,,United States,US,California,,,Colorado Desert,,0,,33.827972,-115.744348,WGS84,164876,,zachary_brown (2019-09-19 16:36:39),,georef batch tool 2019-09-19; GeoLocate,reviewed - high confidence,,,,,,,,,,phorsley,12/28/2020 12:48,832415,6,a80d1ca0-7a12-406e-97e4-08c1f07cef06,https://library.big-bee.net/portal/collections/individual/index.php?occid=68602
68604,UCSB,IZC,,PreservedSpecimen,4d5716b1-c45e-4dee-9e25-61da2ebca738,UCSB-IZC00010381,,,Animalia,Arthropoda,Insecta,Hymenoptera,Apidae,Apis mellifera,6324,"Linnaeus, 1758",Apis,,mellifera,,,,,Species,Rachel Behm,2017,,,,,,UCSB Zoology 126: Pritchett,,,4/12/1985,,,1985,4,12,102,,4/12/1985,,,,,,,,,,,,,,,,,Adult,Female,1,,Pinned,,North America,,,,United States,US,California,Santa Barbara,,Rattlesnake Canyon,,0,,34.471588,-119.687669,WGS84,3036,TRS: T4N R27W sec 3,rbehm (2018-09-28 15:51:51),,georef batch tool 2018-09-28; GeoLocate,reviewed - high confidence,,,,,,,,,,phorsley,12/28/2020 12:48,832417,6,94987910-c257-4a1a-91cb-a74a90712ad5,https://library.big-bee.net/portal/collections/individual/index.php?occid=68604
68611,UCSB,IZC,,PreservedSpecimen,bf91a744-b53d-420a-93d7-c63b73ddb7ed,UCSB-IZC00010413,,,Animalia,Arthropoda,Insecta,Hymenoptera,Apidae,Apis mellifera,6324,"Linnaeus, 1758",Apis,,mellifera,,,,,Species,Rachel Behm,2017,,,,,,,,,5/2/1978,,,1978,5,2,122,,5/2/1978,,,,,,,,,,,,,,,,,Adult,Female,1,,Pinned,,North America,,,,United States,US,California,Santa Barbara,,Skofield,,0,,34.456941,-119.693746,WGS84,500,,entan (2019-10-03 14:14:47),,georef batch tool 2019-10-03; GeoLocate,reviewed - high confidence,,,,,,,,,,phorsley,12/28/2020 12:48,832424,6,195f7891-77b5-4bb4-b57c-1250560acfdb,https://library.big-bee.net/portal/collections/individual/index.php?occid=68611
68613,UCSB,IZC,,PreservedSpecimen,bcad6521-b806-4157-b5c5-f119dc2f7480,UCSB-IZC00010425,,,Animalia,Arthropoda,Insecta,Hymenoptera,Apidae,Bombus californicus,6788,"Smith, 1854",Bombus,,californicus,,,,,Species,Jamie Pawelek,2017,,,,,,,,,4/19/1974,,,1974,4,19,109,,4/19/1974,,owl clover,,,,,,,,,,,,,,,Adult,Female,1,,Pinned,,North America,,,,United States,US,California,Santa Barbara,,Schofield Park,,0,,34.456941,-119.693746,WGS84,298,,entan (2019-12-20 12:23:05),,georef batch tool 2019-12-20; GeoLocate,reviewed - high confidence,,,,,,,,,,phorsley,12/28/2020 12:48,832426,6,999c2530-f6e2-498a-80b1-111996e8d672,https://library.big-bee.net/portal/collections/individual/index.php?occid=68613
68614,UCSB,IZC,,PreservedSpecimen,25995537-cd75-44de-b832-d38d99f78574,UCSB-IZC00010431,,,Animalia,Arthropoda,Insecta,Hymenoptera,Apidae,Bombus californicus,6788,"Smith, 1854",Bombus,,californicus,,,,,Species,Jamie Pawelek,2017,,,,,,R.A. Fraundorf,,,4/19/1956,,,1956,4,19,110,,4/19/1956,,,,,,,,,,,,,,,,,Adult,Female,1,,Pinned,,North America,,,,United States,US,California,Santa Barbara,Santa Ynez,Davy Brown Canyon,,0,,34.758224,-119.954193,WGS84,1000,,entan (2019-03-05 19:32:29),,georef batch tool 2019-03-05; GeoLocate,reviewed - high confidence,,,,,,,,,,phorsley,12/28/2020 12:48,832427,6,93e874ea-18c8-46a3-a93c-6fb5f9192ad4,https://library.big-bee.net/portal/collections/individual/index.php?occid=68614
68617,UCSB,IZC,,PreservedSpecimen,3a072c80-fee7-4aa7-b049-c5e269d0997f,UCSB-IZC00010460,,,Animalia,Arthropoda,Insecta,Hymenoptera,Apidae,Bombus californicus,6788,"Smith, 1854",Bombus,,californicus,,,,,Species,Jamie Pawelek,2017,,,,,,UCSB Zoology 125,,,5/24/1989,,,1989,5,24,144,,5/24/1989,,flying,,,,,,,,,,,,,,,Adult,Queen,1,,Pinned,,North America,,,,United States,US,California,Santa Barbara,,Goddard,,0,,34.5003,-119.838897,WGS84,631,,zachary_brown (2019-09-20 14:26:08),,georef batch tool 2019-09-20; GeoLocate,reviewed - high confidence,,,,,,,,,,phorsley,12/28/2020 12:48,832430,6,37570eeb-816c-41b2-bfb0-aa8626b4513a,https://library.big-bee.net/portal/collections/individual/index.php?occid=68617
68622,UCSB,IZC,,PreservedSpecimen,363eb99f-f4f3-4673-b5b7-c3679b165e18,UCSB-IZC00010478,,,Animalia,Arthropoda,Insecta,Hymenoptera,Apidae,Bombus vosnesenskii,7022,"Radoszkowski, 1862",Bombus,,vosnesenskii,,,,,Species,Rachel Behm,2017,,,,,,E. Mollenhauer,,,4/23/2015,,,2015,4,23,113,,4/23/2015,,,,,,,,,,,,,,,,,Adult,Female,1,,Pinned,,North America,,,,United States,US,California,Santa Barbara,Isla Vista,Isla Vista,,0,,34.413329,-119.860972,WGS84,2476,,rbehm (2019-05-09 15:02:43),,georef batch tool 2019-05-09; GeoLocate,reviewed - high confidence,,,,,,,,,,phorsley,12/28/2020 12:48,832435,6,90ffce39-6e4e-4e0c-a997-e7880a84efdc,https://library.big-bee.net/portal/collections/individual/index.php?occid=68622
68623,UCSB,IZC,,PreservedSpecimen,401729cc-a6e6-4043-be05-f659595ace50,UCSB-IZC00010479,,,Animalia,Arthropoda,Insecta,Hymenoptera,Apidae,Apis mellifera,6324,"Linnaeus, 1758",Apis,,mellifera,,,,,Species,Rachel Behm,2017,,,,,,Poulson,,,5/11/1973,,,1973,5,11,131,,5/11/1973,,,,,,,,,,,,,,,,,Adult,Female,1,,Pinned,,North America,,,,United States,US,California,Santa Barbara,Santa Ynez,Santa Ynez,,0,,34.614431,-120.079868,,6119,,,,Geolocate,,,,,,,,,,,phorsley,12/28/2020 12:48,832436,6,cbf7109c-23cd-41f9-95b0-008b0c574ae9,https://library.big-bee.net/portal/collections/individual/index.php?occid=68623
68630,UCSB,IZC,,PreservedSpecimen,e13b6d69-ff55-4f50-b561-2fb2922a9016,UCSB-IZC00010507,,,Animalia,Arthropoda,Insecta,Hymenoptera,Apidae,Apis mellifera,6324,"Linnaeus, 1758",Apis,,mellifera,,,,,Species,Rachel Behm,2017,,,,,,,,,6/2/1981,,,1981,6,2,153,,6/2/1981,,,,,,,,,,,,,,,,,Adult,Female,1,,Pinned,,North America,,,,United States,US,California,Santa Barbara,Santa Barbara,"University of California, Santa Barbara",,0,,34.412534,-119.847305,WGS84,722,,rbehm (2018-09-28 15:54:55),,georef batch tool 2018-09-28; GeoLocate,reviewed - high confidence,,,,,,,,,,phorsley,12/28/2020 12:48,832443,6,2e061188-7cc8-45f5-86e1-d62aed4697c3,https://library.big-bee.net/portal/collections/individual/index.php?occid=68630
68631,UCSB,IZC,,PreservedSpecimen,eeb7b1d4-39ab-47a5-afdb-e373c9838ec2,UCSB-IZC00010508,,,Animalia,Arthropoda,Insecta,Hymenoptera,Apidae,Apis mellifera,6324,"Linnaeus, 1758",Apis,,mellifera,,,,,Species,Rachel Behm,2017,,,,,,,,,4/24/1983,,,1983,4,24,114,,4/24/1983,,,,,,,,,,,,,,,,,Adult,Female,1,,Pinned,,North America,,,,United States,US,California,Santa Barbara,,Winchester Canyon,,0,,34.44055,-119.904584,WGS84,1506,,rbehm (2019-12-19 12:18:33),,georef batch tool 2019-12-19; GeoLocate,reviewed - high confidence,,,,,,,,,,phorsley,12/28/2020 12:48,832444,6,40f0a192-8314-4fc1-939a-65d4849ad940,https://library.big-bee.net/portal/collections/individual/index.php?occid=68631
68646,UCSB,IZC,,PreservedSpecimen,badd8304-6e16-479e-bf94-9eeb0f82f2be,UCSB-IZC00010536,,,Animalia,Arthropoda,Insecta,Hymenoptera,Apidae,Apis mellifera,6324,"Linnaeus, 1758",Apis,,mellifera,,,,,Species,Rachel Behm,2017,,,,,,,,,1982-05-00,,,1982,5,0,,,1982-5,,,,,,,,,,,,,,,,,Adult,Female,1,,Pinned,,North America,,,,United States,US,California,Santa Barbara,,Lake Los Carneros,,0,,34.441666,-119.848335,WGS84,464,,rbehm (2018-09-28 15:21:44),,georef batch tool 2018-09-28; GeoLocate,reviewed - high confidence,,,,,,,,,,phorsley,12/28/2020 12:48,832459,6,94b833ca-73b8-4382-8889-ad71344ec9ac,https://library.big-bee.net/portal/collections/individual/index.php?occid=68646
68647,UCSB,IZC,,PreservedSpecimen,3e4ec5a6-cdb6-4eb9-8437-bcad0ea59693,UCSB-IZC00010537,,,Animalia,Arthropoda,Insecta,Hymenoptera,Apidae,Apis mellifera,6324,"Linnaeus, 1758",Apis,,mellifera,,,,,Species,Rachel Behm,2017,,,,,,,,,5/6/1984,,,1984,5,6,127,,5/6/1984,,,,,,,,,,,,,,,,,Adult,Female,1,,Pinned,,North America,,,,United States,US,California,Santa Barbara,,Rattlesnake Canyon,,0,,34.471588,-119.687669,WGS84,3036,,rbehm (2018-09-28 15:51:51),,georef batch tool 2018-09-28; GeoLocate,reviewed - high confidence,,,,,,,,,,phorsley,12/28/2020 12:48,832460,6,391611f9-4bff-46ff-a927-cfef5adbf540,https://library.big-bee.net/portal/collections/individual/index.php?occid=68647
68651,UCSB,IZC,,PreservedSpecimen,21113a2d-f55d-4c3c-af70-cf77954a7d4f,UCSB-IZC00010546,,,Animalia,Arthropoda,Insecta,Hymenoptera,Apidae,Bombus californicus,6788,"Smith, 1854",Bombus,,californicus,,,,,Species,Jamie Pawelek,2017,,,,,,Eduardo Moria,,,5/2/1968,,,1968,5,2,123,,5/2/1968,,,,,,,,,,,,,,,,,Adult,Female,1,,Pinned,,North America,,,,United States,US,California,Santa Barbara,,Santa Ynez Valley,,0,,34.584154,-120.097368,WGS84,6152,,rbehm (2018-09-28 15:26:13),,georef batch tool 2018-09-28; GeoLocate,reviewed - high confidence,,,,,,,,,,phorsley,12/28/2020 12:48,832464,6,3dbe4049-1e00-4c21-9902-e9b6bfcfc494,https://library.big-bee.net/portal/collections/individual/index.php?occid=68651
68654,UCSB,IZC,,PreservedSpecimen,6f20459e-99fe-48c1-90f1-0c6330676032,UCSB-IZC00010554,,,Animalia,Arthropoda,Insecta,Hymenoptera,Apidae,Apis mellifera,6324,"Linnaeus, 1758",Apis,,mellifera,,,,,Species,Rachel Behm,2017,,,,,,,,,1967-10-00,,,1967,10,0,,,1967 Oct,,,,,,,,,,,,,,,,,Adult,Female,1,,Pinned,,North America,,,,United States,US,California,Santa Barbara,Goleta,Goleta,,0,,34.436396,-119.81116,,9489,,,,,,,,,,,,,,,seltmann,12/28/2020 12:56,832467,6,a9e0199b-d1bc-4a7a-a9a3-fa55f75f9988,https://library.big-bee.net/portal/collections/individual/index.php?occid=68654
68656,UCSB,IZC,,PreservedSpecimen,131b0f13-5781-40fa-9613-587b9982be79,UCSB-IZC00010556,,,Animalia,Arthropoda,Insecta,Hymenoptera,Apidae,Apis mellifera,6324,"Linnaeus, 1758",Apis,,mellifera,,,,,Species,Rachel Behm,2017,,,,,,,,,1982-05-00,,,1982,5,0,,,1982-5,,,,,,,,,,,,,,,,,Adult,Female,1,,Pinned,,North America,,,,United States,US,California,Santa Barbara,Santa Barbara,"University of California, Santa Barbara",,0,,34.412534,-119.847305,WGS84,722,,rbehm (2018-09-28 15:54:55),,georef batch tool 2018-09-28; GeoLocate,reviewed - high confidence,,,,,,,,,,phorsley,12/28/2020 12:48,832469,6,ccf83c17-e1d8-48e6-bb11-cb5f6427dc85,https://library.big-bee.net/portal/collections/individual/index.php?occid=68656
68676,UCSB,IZC,,PreservedSpecimen,ef72b8c4-ed62-4cf1-b4ed-3beb5b76c66a,UCSB-IZC00009089,,,Animalia,Arthropoda,Insecta,Hymenoptera,Apidae,Bombus vosnesenskii,7022,"Radoszkowski, 1862",Bombus,,vosnesenskii,,,,,Species,Rachel Behm,2017,,,,,,Cayla Lariosa,,,4/19/2015,,,2015,4,19,109,,4/19/2015,,,,,,,,,,,,,,,,,Adult,Female,1,,Pinned,,North America,,,,United States,US,California,Santa Barbara,,Manzanita Apartment,,0,,34.409522,-119.852276,WGS84,163,,entan (2019-08-08 17:33:33),,georef batch tool 2019-08-08; GeoLocate,reviewed - high confidence,,,,,,,,,,phorsley,12/28/2020 12:48,832608,6,2db199d5-4985-4f2e-8a0b-aa35f28d50fa,https://library.big-bee.net/portal/collections/individual/index.php?occid=68676
68681,UCSB,IZC,,PreservedSpecimen,36147c07-47ab-437c-a0a7-11344f52abc4,UCSB-IZC00009102,,,Animalia,Arthropoda,Insecta,Hymenoptera,Apidae,Bombus vosnesenskii,7022,"Radoszkowski, 1862",Bombus,,vosnesenskii,,,,,Species,Jamie Pawelek,2017,,,OTU 80 is original determination identifier for the NCOS project restoration survey,,,Katja Seltmann,UCSB Arthropod Survey,,4/19/2016,,,2016,4,19,110,,"April 19-20, 2016",,"Native salt marsh, before restoration",,,,,CSM-YPT-01,,,,,,,,,,Adult,Male,1,Yellow Pan Trap,Pinned,,North America,,,,United States,US,California,Santa Barbara,Goleta,UCSB North Campus Open Space,,0,,34.42131867,-119.8844058,WGS84,10,,,,GPS,,Entered coordinates from GPS and may differ from what is on label. Uploaded from spreadsheet.,,,,,,,,,phorsley,12/28/2020 12:48,832614,6,215499a8-fb11-4758-b9e7-7f5ada3a4647,https://library.big-bee.net/portal/collections/individual/index.php?occid=68681
68694,UCSB,IZC,,PreservedSpecimen,66aee8b3-be00-4578-aedd-25724a59ef2f,UCSB-IZC00009200,,,Animalia,Arthropoda,Insecta,Hymenoptera,Apidae,Habropoda depressa,11033,"Fowler, 1899",Habropoda,,depressa,,,,,Species,Jamie Pawelek,2017,,,,,,C. Eriksen,,,4/7/1973,,,1973,4,7,97,,4/7 1953,,,,,,,,,,,,,,,,,Adult,Female,1,,Pinned,,North America,,,,United States,US,California,Santa Barbara,Santa Barbara,Santa Barbara,,0,,34.42083,-119.711236,,6559,,,,,,,,,,,,,,,phorsley,12/28/2020 12:48,832628,6,ecb9df1d-005b-406d-94ff-3cd56c716877,https://library.big-bee.net/portal/collections/individual/index.php?occid=68694
68717,UCSB,IZC,,PreservedSpecimen,2221b744-1be0-4098-bbb7-9a890e3e0b1e,UCSB-IZC00009790,,,Animalia,Arthropoda,Insecta,Hymenoptera,Apidae,Habropoda depressa,11033,"Fowler, 1899",Habropoda,,depressa,,,,,Species,Jamie Pawelek,2017,,,,,,,,,4/25/1981,,,1981,4,25,115,,4/25/1981,,,,,,,,,,,,,,,,,Adult,Female,1,,Pinned,,North America,,,,United States,US,California,Santa Barbara,,Rattlesnake Canyon,,0,,34.471588,-119.687669,WGS84,3036,,rbehm (2018-09-28 15:51:51),,georef batch tool 2018-09-28; GeoLocate,reviewed - high confidence,,,,,,,,,,phorsley,12/28/2020 12:48,832651,6,54ee7f5f-5e84-4b31-9ea7-5c7e6657cd16,https://library.big-bee.net/portal/collections/individual/index.php?occid=68717
68731,UCSB,IZC,,PreservedSpecimen,098a922b-90fc-4b0b-91a3-3df8926fa5a6,UCSB-IZC00009829,,,Animalia,Arthropoda,Insecta,Hymenoptera,Apidae,Eucera actuosa,9990,"(Cresson, 1878)",Eucera,,actuosa,,,,,Species,Jamie Pawelek,2017,,,OTU 404 is original determination identifier for the NCOS project restoration survey,,,Katja Seltmann,UCSB Arthropod Survey,,4/25/2016,,,2016,4,25,116,,"April 25-26, 2016",,"Annual grass, before restoration",,,,,AG-YPT-02,,,,,,,,,,Adult,Female,1,Yellow Pan Trap,Pinned,,North America,,,,United States,US,California,Santa Barbara,Goleta,UCSB North Campus Open Space,,0,,34.41889579,-119.8800686,WGS84,10,,,,GPS,,Entered coordinates from GPS and may differ from what is on label. Uploaded from spreadsheet.,,,,,,,,,phorsley,12/28/2020 12:48,832666,6,dc8c74e3-2a48-4c17-a6b6-286e68ae9753,https://library.big-bee.net/portal/collections/individual/index.php?occid=68731
68737,UCSB,IZC,,PreservedSpecimen,2cca9cdf-eafe-453d-83de-628d3f7c95a7,UCSB-IZC00010266,,,Animalia,Arthropoda,Insecta,Hymenoptera,Apidae,Xylocopa tabaniformis orpifex,50359,"Smith, 1874",Xylocopa,,tabaniformis,,orpifex,,,Subspecies,Jamie Pawelek,2017,,,,,,,,,6/2/1982,,,1982,6,2,153,,6/2/1982,,,,,,,,,,,,,,,,,Adult,Female,1,,Pinned,,North America,,,,United States,US,California,Santa Barbara,,Red Rock Campground,,0,,34.53981,-119.71913,WGS84,136,,rbehm (2018-09-17 15:17:48),,georef batch tool 2018-09-17,reviewed - high confidence,,,,,,,,,,phorsley,12/28/2020 12:48,832673,6,8001a3fd-d90b-4de1-947d-f6b560f71ed2,https://library.big-bee.net/portal/collections/individual/index.php?occid=68737
68745,UCSB,IZC,,PreservedSpecimen,c5056fcb-f47b-478c-a924-c780906beddf,UCSB-IZC00010287,,,Animalia,Arthropoda,Insecta,Hymenoptera,Apidae,Habropoda depressa,11033,"Fowler, 1899",Habropoda,,depressa,,,,,Species,Jamie Pawelek,2017,,,,,,,,,,,,,,,,,Apr. 19,,,,,,,,,,,,,,,,,Adult,Female,1,,Pinned,,North America,,,,United States,US,California,Santa Barbara,,Goddard Camp,,0,,34.5003,-119.838897,WGS84,631,,zachary_brown (2019-09-20 14:26:08),,georef batch tool 2019-09-20; GeoLocate,reviewed - high confidence,,,,,,,,,,phorsley,12/28/2020 12:48,832682,6,d71bf433-1bed-46f4-b046-3924430a8d8c,https://library.big-bee.net/portal/collections/individual/index.php?occid=68745
68749,UCSB,IZC,,PreservedSpecimen,c0e1c93e-6840-4459-b5b1-b1d0f05320d5,UCSB-IZC00010301,,,Animalia,Arthropoda,Insecta,Hymenoptera,Apidae,Xylocopa tabaniformis orpifex,50359,"Smith, 1874",Xylocopa,,tabaniformis,,orpifex,,,Subspecies,Jamie Pawelek,2017,,,,,,,,,5/7/1982,,,1982,5,7,127,,5/7/1982,,,,,,,,,,,,,,,,,Adult,Female,1,,Pinned,,North America,,,,United States,US,California,Santa Barbara,Santa Barbara,"University of California, Santa Barbara",,0,,34.412534,-119.847305,WGS84,722,,rbehm (2018-09-28 15:55:18),,georef batch tool 2018-09-28; GeoLocate,reviewed - high confidence,,,,,,,,,,phorsley,12/28/2020 12:48,832686,6,014ed2eb-1592-4f00-976d-c01b123e1310,https://library.big-bee.net/portal/collections/individual/index.php?occid=68749
68754,UCSB,IZC,,PreservedSpecimen,c5b4cd7e-789b-42ab-b618-0a4632a416d2,UCSB-IZC00010315,,,Animalia,Arthropoda,Insecta,Hymenoptera,Apidae,Xylocopa tabaniformis orpifex,50359,"Smith, 1874",Xylocopa,,tabaniformis,,orpifex,,,Subspecies,Jamie Pawelek,2017,,,,,,Paul Ross,,,5/20/1989,,,1989,5,20,140,,5/20/1989,,flower,,,,,,,,,,,,,,,Adult,Female,1,,Pinned,,North America,,,,United States,US,California,Santa Barbara,Isla Vista,Isla Vista,,0,,34.413329,-119.860972,WGS84,2164,,rbehm (2019-05-09 15:01:51),,georef batch tool 2019-05-09; GeoLocate,reviewed - high confidence,,,,,,,,,,phorsley,12/28/2020 12:48,832692,6,6bb182c9-bb2e-4236-956d-5c7bab2fce6b,https://library.big-bee.net/portal/collections/individual/index.php?occid=68754
68765,UCSB,IZC,,PreservedSpecimen,b3e38de9-4ec0-4934-95d5-3cc854428447,UCSB-IZC00010403,,,Animalia,Arthropoda,Insecta,Hymenoptera,Apidae,Bombus vosnesenskii,7022,"Radoszkowski, 1862",Bombus,,vosnesenskii,,,,,Species,Rachel Behm,2017,,,,,,May Li,,,5/3/2016,,,2016,5,3,124,,5/3/2016,,,,,,,,,,,,,,,,,Adult,Female,1,,Pinned,,North America,,,,United States,US,California,Santa Barbara,Santa Barbara,"University of California, Santa Barbara Lagoon",,0,,34.408606,-119.847083,WGS84,548,,rbehm (2018-09-28 16:05:54),,georef batch tool 2018-09-28; GeoLocate,reviewed - high confidence,,,,,,,,,,phorsley,12/28/2020 12:48,832704,6,96af84c0-0a0a-4c69-80ce-67e6745fd4b8,https://library.big-bee.net/portal/collections/individual/index.php?occid=68765
68846,UCSB,IZC,,PreservedSpecimen,27e28cc6-d224-430d-8196-7a55f518e9e0,UCSB-IZC00012184,,,Animalia,Arthropoda,Insecta,Hymenoptera,Apidae,Xylocopa tabaniformis orpifex,50359,"Smith, 1874",Xylocopa,,tabaniformis,,orpifex,,,Subspecies,Jamie Pawelek,2017,,,,,,,,,,,,,,,,,28-Jul,"locality information not on label, likely collected in Santa Barbara County, California USA",Stream,,,,,,,,,,,,,,,Adult,Female,1,,Pinned,,,,,,,,,,,,"locality information not on label, likely collected in Santa Barbara County, California USA",0,,,,,,,,,,,,,,,,,,,,phorsley,12/28/2020 12:48,832789,6,3491ac5e-8a1a-409f-a6d0-5b0e77b5461e,https://library.big-bee.net/portal/collections/individual/index.php?occid=68846
68853,UCSB,IZC,,PreservedSpecimen,c0d38815-2d85-4d50-a966-0320597a6d52,UCSB-IZC00012193,,,Animalia,Arthropoda,Insecta,Hymenoptera,Apidae,Xylocopa tabaniformis orpifex,50359,"Smith, 1874",Xylocopa,,tabaniformis,,orpifex,,,Subspecies,Jamie Pawelek,2017,,,,,,Jason Garland,,,2016-07-00,,,2016,7,0,,,2016-7,,,,,,,,,,,,,,,,,Adult,Female,1,,Pinned,,North America,,,,United States,US,California,Santa Barbara,Santa Barbara,"University of California, Santa Barbara Campus; 34.4137 -119.8418",,0,,34.4137,-119.8418,,,N 34.4137 E -119.8418,,,on label,,,,,,,,,,,phorsley,12/28/2020 12:48,832797,6,ddacb26f-4ff6-4cfc-b0e5-b4006bc8544a,https://library.big-bee.net/portal/collections/individual/index.php?occid=68853
68855,UCSB,IZC,,PreservedSpecimen,37e968f7-9ac9-45a7-bec9-94f6bcff5ec3,UCSB-IZC00012195,,,Animalia,Arthropoda,Insecta,Hymenoptera,Apidae,Xylocopa tabaniformis orpifex,50359,"Smith, 1874",Xylocopa,,tabaniformis,,orpifex,,,Subspecies,Jamie Pawelek,2017,,,,,,A.L. Dover,,,3/3/1962,,,1962,3,3,62,,3-III-62,,,,,,,,,,,,,,,,,Adult,Female,1,,Pinned,,North America,,,,United States,US,California,Santa Barbara,Santa Barbara,Santa Barbara,,0,,34.42083,-119.711236,,6559,,,,,,,,,,,,,,,phorsley,12/28/2020 12:48,832799,6,f09ff66a-3876-40ec-ad3f-b52ac4bdca1d,https://library.big-bee.net/portal/collections/individual/index.php?occid=68855
68872,UCSB,IZC,,PreservedSpecimen,508c3822-8147-4db3-a574-a8699c0492ae,UCSB-IZC00012213,,,Animalia,Arthropoda,Insecta,Hymenoptera,Apidae,Xylocopa tabaniformis orpifex,50359,"Smith, 1874",Xylocopa,,tabaniformis,,orpifex,,,Subspecies,Jamie Pawelek,2017,,,,,,D. Frame,,,,,,,,,,,,,,,,,,,,,,,,,,,,Adult,Female,1,,Pinned,,North America,,,,United States,US,California,Santa Barbara,Santa Barbara,Botanic Garden,,0,,34.457079,-119.709178,WGS84,279,,rbehm (2018-09-26 15:38:54),,georef batch tool 2018-09-26; GeoLocate,reviewed - high confidence,,,,,,,,,,phorsley,12/28/2020 12:48,832818,6,c09482e8-82c8-46d3-8fa3-e93078700b06,https://library.big-bee.net/portal/collections/individual/index.php?occid=68872
68875,UCSB,IZC,,PreservedSpecimen,02ca3d39-8f94-4614-95b2-30c0ac05e9d6,UCSB-IZC00012216,,,Animalia,Arthropoda,Insecta,Hymenoptera,Apidae,Xylocopa tabaniformis orpifex,50359,"Smith, 1874",Xylocopa,,tabaniformis,,orpifex,,,Subspecies,Rachel Behm,2017,,,,,,Blake Toro,,,4/25/2015,,,2015,4,25,115,,4/25/2015,,,,,,,,,,,,,,,,,Adult,Female,1,,Pinned,,North America,,,,United States,US,California,Santa Barbara,Isla Vista,Isla Vista,,0,,34.413329,-119.860972,WGS84,2476,,rbehm (2019-05-09 15:02:43),,georef batch tool 2019-05-09; GeoLocate,reviewed - high confidence,,,,,,,,,,phorsley,12/28/2020 12:48,832844,6,3cfd5ab1-69f0-47ab-ba05-11ada8a57b12,https://library.big-bee.net/portal/collections/individual/index.php?occid=68875
68878,UCSB,IZC,,PreservedSpecimen,13240550-13a5-4fb1-bcc9-9b17a5ba5571,UCSB-IZC00012219,,,Animalia,Arthropoda,Insecta,Hymenoptera,Apidae,Xylocopa tabaniformis orpifex,50359,"Smith, 1874",Xylocopa,,tabaniformis,,orpifex,,,Subspecies,Katja Seltmann,2018,,,,,,Arun Sengupta,,,5/30/2015,,,2015,5,30,150,,5/30/2015,,,,,,,,,,,,,,,,,Adult,Female,1,,Pinned,,North America,,,,United States,US,California,Santa Barbara,,Seven Falls,,0,,34.474823,-119.704723,WGS84,1478,,zachary_brown (2019-09-20 16:42:59),,georef batch tool 2019-09-20; GeoLocate,reviewed - high confidence,,,,,,,,,,phorsley,12/28/2020 12:48,832848,6,54ecc72e-c1a4-4ea9-b69a-c9c48af3cad6,https://library.big-bee.net/portal/collections/individual/index.php?occid=68878
68884,UCSB,IZC,,PreservedSpecimen,2fcfcce9-e19f-4552-b061-d848c4ab5eef,UCSB-IZC00012225,,,Animalia,Arthropoda,Insecta,Hymenoptera,Apidae,Xylocopa tabaniformis orpifex,50359,"Smith, 1874",Xylocopa,,tabaniformis,,orpifex,,,Subspecies,Jamie Pawelek,2017,,,,,,S. Taylor,,,3/11/1954,,,1954,3,11,70,,3/11 1954,,,,,,,,,,,,,,,,,Adult,Female,1,,Pinned,,North America,,,,United States,US,California,Santa Barbara,Santa Barbara,Santa Barbara,,0,,34.42083,-119.711236,,6559,,,,,,,,,,,,,,,phorsley,12/28/2020 12:48,832854,6,6aaf8aaa-f937-4e53-8d78-e50413ff2e72,https://library.big-bee.net/portal/collections/individual/index.php?occid=68884
68885,UCSB,IZC,,PreservedSpecimen,46caa741-cb7b-4459-8916-99cb444d745c,UCSB-IZC00012228,,,Animalia,Arthropoda,Insecta,Hymenoptera,Apidae,Xylocopa tabaniformis orpifex,50359,"Smith, 1874",Xylocopa,,tabaniformis,,orpifex,,,Subspecies,Jamie Pawelek,2017,,,,,,UCSB Zoology 125: KML,,,9/26/1987,,,1987,9,26,269,,9/26/1987,,,,,,,,,,,,,,,,,Adult,Female,1,,Pinned,,North America,,,,United States,US,California,Santa Barbara,,Arroyo Burro,,0,,34.516667,-119.75,,,34° 31' N 119° 45' W,,,,,,800,,,,,800m,,,phorsley,12/28/2020 12:48,832855,6,dc8bea66-2cfd-47a3-a090-2720e2f27475,https://library.big-bee.net/portal/collections/individual/index.php?occid=68885
68888,UCSB,IZC,,PreservedSpecimen,fa39dd9a-2808-4bb5-8cd8-ec345e15d522,UCSB-IZC00012232,,,Animalia,Arthropoda,Insecta,Hymenoptera,Apidae,Xylocopa tabaniformis orpifex,50359,"Smith, 1874",Xylocopa,,tabaniformis,,orpifex,,,Subspecies,Jamie Pawelek,2017,,,,,,,,,5/9/2005,,,2005,5,9,129,,5/9/2005,On label: #3 bee,,,,,,,,,,,,,,,,Adult,Female,1,,Pinned,,North America,,,,United States,US,California,Santa Barbara,,Santa Cruz Island,Locality based on similar labels,0,,34.044707,-119.72628,WGS84,19113,,almalove (2024-05-29 16:54:21),,georef batch tool 2024-05-29,,,,,,,,,,,phorsley,12/28/2020 12:48,832858,6,24c071e7-e930-4ec8-866d-864fc30a3f97,https://library.big-bee.net/portal/collections/individual/index.php?occid=68888
68893,UCSB,IZC,,PreservedSpecimen,8badcac2-2f1d-48de-b8c7-658c8bc6eebd,UCSB-IZC00012237,,,Animalia,Arthropoda,Insecta,Hymenoptera,Apidae,Xylocopa tabaniformis orpifex,50359,"Smith, 1874",Xylocopa,,tabaniformis,,orpifex,,,Subspecies,Katja Seltmannn,2018,,,,,,S. Battersby,,,6/2/2015,,,2015,6,2,153,,6/2/2015,,,,,,,,,,,,,,,,,Adult,Female,1,,Pinned,,North America,,,,United States,US,California,Santa Barbara,Goleta,More Mesa,,0,,34.422775,-119.773749,WGS84,1807,,seltmann (2019-08-01 17:48:05),,georef batch tool 2019-08-01; GeoLocate,reviewed - high confidence,,,,,,,,,,phorsley,12/28/2020 12:48,832863,6,7a8fd29a-f862-4dbf-a631-d22f2f7a8513,https://library.big-bee.net/portal/collections/individual/index.php?occid=68893
68895,UCSB,IZC,,PreservedSpecimen,a4fc6743-7725-4bce-9c26-66f4e8d767a8,UCSB-IZC00012240,,,Animalia,Arthropoda,Insecta,Hymenoptera,Apidae,Xylocopa tabaniformis orpifex,50359,"Smith, 1874",Xylocopa,,tabaniformis,,orpifex,,,Subspecies,Jamie Pawelek,2017,,,,,,S.A. White,,,5/20/1969,,,1969,5,20,140,,20/5 1969,,,,,,,,,,,,,,,,,Adult,Female,1,,Pinned,,North America,,,,United States,US,California,Santa Barbara,Goleta,Goleta,,0,,34.436396,-119.81116,,9489,,,,,,,,,,,,,,,phorsley,12/28/2020 12:48,832865,6,8cfc164d-4821-4333-90db-966145c0571d,https://library.big-bee.net/portal/collections/individual/index.php?occid=68895
68931,UCSB,IZC,,PreservedSpecimen,9ab88bdb-659e-4fb6-a6ab-b013a6f7b139,UCSB-IZC00012323,,,Animalia,Arthropoda,Insecta,Hymenoptera,Halictidae,Agapostemon subtilior,68885,Cockerell 1898,Agapostemon,,subtilior,,,,,Species,Katja Seltmann,1/24/2025,"European Journal of Taxonomy 958: 203?241 ISSN 2118-9773, https://doi.org/10.5852/ejt.2024.958.2671",,,,,M. Padilla,,,5/6/2015,,,2015,5,6,126,,5/6/2015,,,,,,,,,,,,,,,,,Adult,,1,,Pinned,,North America,,,,United States,US,California,Santa Barbara,Santa Barbara,"University of California, Santa Barbara Bluffs",,0,,34.412534,-119.847305,WGS84,722,,rbehm (2018-09-28 15:55:18),,georef batch tool 2018-09-28; GeoLocate,reviewed - high confidence,,,,,,,,,,phorsley,12/28/2020 12:48,832921,6,0d2489b1-f85d-4653-a5bb-d583fc769bdc,https://library.big-bee.net/portal/collections/individual/index.php?occid=68931
68976,UCSB,IZC,,PreservedSpecimen,ba5f1cbc-768c-421a-9bca-e8d0dc7a339b,UCSB-IZC00012454,,,Animalia,Arthropoda,Insecta,Hymenoptera,Halictidae,Agapostemon subtilior,68885,Cockerell 1898,Agapostemon,,subtilior,,,,,Species,Katja Seltmann,1/24/2025,"European Journal of Taxonomy 958: 203?241 ISSN 2118-9773, https://doi.org/10.5852/ejt.2024.958.2671",,,,,E. Mollenhauer,,,5/31/2015,,,2015,5,31,151,,5/31/2015,,,,,,,,,,,,,,,,,Adult,,1,,Pinned,,North America,,,,United States,US,California,Santa Barbara,Isla Vista,Isla Vista,,0,,34.413329,-119.860972,WGS84,2164,,rbehm (2019-05-09 15:01:51),,georef batch tool 2019-05-09; GeoLocate,reviewed - high confidence,,,,,,,,,,phorsley,12/28/2020 12:48,832966,6,ab7043ea-3f03-4172-a9d7-88f102495d41,https://library.big-bee.net/portal/collections/individual/index.php?occid=68976
69025,UCSB,IZC,,PreservedSpecimen,5be448e1-3cd5-4316-901c-8c567cd23ae8,UCSB-IZC00009970,,,Animalia,Arthropoda,Insecta,Hymenoptera,Megachilidae,Osmia nemoris,18928,"Sandhouse, 1924",Osmia,,nemoris,,,,,Species,Jamie Pawelek,2017,,,OTU 578 is original determination identifier for the NCOS project restoration survey,,,Katja Seltmann,UCSB Arthropod Survey,,4/14/2016,,,2016,4,14,105,,"April 14-15, 2016",,"Annual grass, before restoration",,,,,AS-YPT-04,,,,,,,,,,,Female,1,Yellow Pan Trap,Pinned,,North America,,,,United States,US,California,Santa Barbara,Goleta,UCSB North Campus Open Space,,0,,34.41823906,-119.8772178,WGS84,10,,,,GPS,,Entered coordinates from GPS and may differ from what is on label. Uploaded from spreadsheet.,,,,,,,,,phorsley,12/28/2020 12:48,833395,6,47f1f92c-c1d9-4df5-b83f-a747a2bcf54d,https://library.big-bee.net/portal/collections/individual/index.php?occid=69025
69264,UCSB,IZC,,PreservedSpecimen,7134c8dd-0627-4e54-96a7-ac72268120bb,UCSB-IZC00006181,,,Animalia,Arthropoda,Insecta,Hymenoptera,Apidae,Bombus vosnesenskii,7022,"Radoszkowski, 1862",Bombus,,vosnesenskii,,,,,Species,Jaime Pawelek,2018,,,,,,UCSB EEMB 96 Spring 2018: Justine Bethel,,,5/8/2018,,,2018,5,8,128,,5/8/2018,,vernal pool,,,,,,,,,,,Helianthus californicus,,,,Adult,Male,1,sweep net,Pinned,,North America,,,,United States,US,California,Santa Barbara,Goleta,UCSB North Campus Open Space,,0,,34.4191,-119.8842,WGS84,,,,,"GPS, on label",,,,,,,,,,,phorsley,12/28/2020 12:48,834577,6,ac5ef4ff-2277-4de1-8ab9-b6eb56074dd0,https://library.big-bee.net/portal/collections/individual/index.php?occid=69264
69324,UCSB,IZC,,PreservedSpecimen,13838da5-2d6f-4f61-8183-ae30d46dcd37,UCSB-IZC00005855,,,Animalia,Arthropoda,Insecta,Hymenoptera,Apidae,Ceratina punctigena,7874,"Cockerell, 1916",Ceratina,,punctigena,,,,,Species,Jaime Pawelek,2017,,,,,,Kevin Phan,,,7/5/2016,,,2016,7,5,187,,7/5/2016,,,,,,,,,,,,,,,,,Adult,Female,1,,Pinned,,North America,,,,United States,US,California,Ventura,,Santa Clara River Valley,,0,,34.363,-118.991,,,,,,,,,,,,,,,,,zachary_brown,12/28/2020 12:48,838295,6,e51acca7-00ff-44f1-9eb3-add50359a724,https://library.big-bee.net/portal/collections/individual/index.php?occid=69324
69361,UCSB,IZC,,PreservedSpecimen,64b8e888-484f-4fcd-8635-5d46ffdf0e38,UCSB-IZC00014785,,,Animalia,Arthropoda,Insecta,Hymenoptera,Apidae,Xylocopa tabaniformis orpifex,50359,"Smith, 1874",Xylocopa,,tabaniformis,,orpifex,,,Subspecies,Jamie Pawelek,2018,,,,,,Christina Zhu,,,3/18/2018,,,2018,3,18,77,,3/18/2018,,,,,,,,,,,,,,,,,Adult,,1,Sweep net,Pinned,,North America,,,,United States,US,California,Santa Barbara,Goleta,Cheadle Center Greenhouse,,0,,34.420798,-119.858225,WGS84,,,,,,,,,,,,,,,,seltmann,12/28/2020 12:48,838361,6,22def3c7-2f31-4348-90b5-c6c64c7ec909,https://library.big-bee.net/portal/collections/individual/index.php?occid=69361
69362,UCSB,IZC,,PreservedSpecimen,533a18cb-05e8-432c-aa08-f21dc1117d73,UCSB-IZC00014787,,,Animalia,Arthropoda,Insecta,Hymenoptera,Apidae,Xylocopa tabaniformis orpifex,50359,"Smith, 1874",Xylocopa,,tabaniformis,,orpifex,,,Subspecies,Jamie Pawelek,2018,,,,,,Martin Kellogg,,,6/24/1980,,,1980,6,24,176,,6/24/1980,~9am,on flowers,,,,,,,,,,,visitsFlowersOf: Fuchsia,,,,Adult,Female,1,,Pinned,,North America,,,,United States,US,California,Santa Barbara,Isla Vista,6678-B Sueno,,0,,34.412992,-119.861945,WGS84,30,,entan (2019-03-05 18:06:50),,georef batch tool 2019-03-05; GeoLocate,reviewed - high confidence,,,,,,,,,,zachary_brown,12/28/2020 12:48,838362,6,429aab41-05c6-4a49-834b-ef53166984d9,https://library.big-bee.net/portal/collections/individual/index.php?occid=69362
69375,UCSB,IZC,,PreservedSpecimen,5105e124-0a0b-4fd2-ac95-e0478fba22e7,UCSB-IZC00014915,,,Animalia,Arthropoda,Insecta,Hymenoptera,Apidae,Habropoda depressa,11033,"Fowler, 1899",Habropoda,,depressa,,,,,Species,RW Thorp,,,,,,,,,,1976-03-00,,,1976,3,0,,,1976-3,"Santa Cruz Island Reserve (SCIR) Collection, 2017",,,,,,,,,,,,,,,,Adult,,1,,Pinned,,North America,,,,United States,US,California,Santa Barbara,,Santa Cruz Island,,0,,33.998239,-119.725508,WGS84,20600,,entan (2019-09-19 15:25:08),,georef batch tool 2019-09-19; GeoLocate,reviewed - high confidence,,,,,,,,,,zachary_brown,12/28/2020 12:48,838389,6,133427ac-278d-4201-b0b4-71e110c81d26,https://library.big-bee.net/portal/collections/individual/index.php?occid=69375
69386,UCSB,IZC,,PreservedSpecimen,d6542181-ae1b-4f1a-b3ef-a9d976ddf367,UCSB-IZC00014978,,,Animalia,Arthropoda,Insecta,Hymenoptera,Apidae,Xylocopa tabaniformis orpifex,50359,"Smith, 1874",Xylocopa,,tabaniformis,,orpifex,,,Subspecies,Jamie Pawelek,2018,,,,,,H. Edra,,,5/15/1999,,,1999,5,15,135,,5-XV-99,,,,,,,,,,,,,,,,,Adult,,1,,Pinned,,North America,,,,United States,US,California,San Diego,,Chula Vista,,0,,32.640054,-117.084196,WGS84,11360,,entan (2019-08-30 16:40:00),,georef batch tool 2019-08-30; GeoLocate,reviewed - high confidence,,,,,,,,,,seltmann,12/28/2020 12:48,838414,6,5eb3e3ca-2b18-4de1-84ff-3570bd69e89a,https://library.big-bee.net/portal/collections/individual/index.php?occid=69386
69447,UCSB,IZC,,PreservedSpecimen,2087c2d9-f3ed-4d10-929c-fb653d4e1ebe,UCSB-IZC00019263,,,Animalia,Arthropoda,Insecta,Hymenoptera,Apidae,Apidae,14,,,,,,,,,Family,,,,,,,,Julia Madden Fulk,,,5/6/2018,,,2018,5,6,126,,5/6/2018,,,,,,,,,,,,,,,,,Adult,,1,net,Pinned,,North America,,,,United States,US,California,Santa Barbara,,Skofield Park,,0,,34.456941,-119.693746,WGS84,275,,entan (2019-08-08 17:26:52),,georef batch tool 2019-08-08; GeoLocate,reviewed - high confidence,,,,,,,,,,clchung,12/28/2020 12:48,838737,6,7402ebc7-27a1-4a1e-bcc8-737c00292186,https://library.big-bee.net/portal/collections/individual/index.php?occid=69447
69461,UCSB,IZC,,PreservedSpecimen,8082c8c8-6e70-48f5-b029-83838f22c9c4,UCSB-IZC00010847,,,Animalia,Arthropoda,Insecta,Hymenoptera,Apidae,Apis mellifera,6324,"Linnaeus, 1758",Apis,,mellifera,,,,,Species,Charlie Thrift,2018,,,,,,UCSBees! Survey,Kipp Callahan,,12/7/2018,,,2018,12,7,341,,12/7/2018,,,,,,,COPR_01,,,,,,,,,,Adult,Female,1,Yellow Pan Trap,Pinned,,North America,,,,United States,US,California,Santa Barbara,Goleta,Coal Oil Point Reserve,,0,,34.41238,-119.8811,WGS84,10,,,,,,,,,,,,,,,seltmann,12/28/2020 12:56,840550,6,28474968-eb29-4ede-b01d-261c72fb5512,https://library.big-bee.net/portal/collections/individual/index.php?occid=69461
69479,UCSB,IZC,,PreservedSpecimen,0fd083bb-b99c-4bab-a731-d13dde2dac9c,UCSB-IZC00010881,,,Animalia,Arthropoda,Insecta,Hymenoptera,Apidae,Apis mellifera,6324,"Linnaeus, 1758",Apis,,mellifera,,,,,Species,Katja Seltmann,2018,,,,,,UCSBees! Survey,Kipp Callahan,,11/14/2018,,,2018,11,14,318,,11/14/2018,,,,,,,COPR_06,,,,,,,,,,Adult,Female,1,Yellow Pan Trap,Pinned,,North America,,,,United States,US,California,Santa Barbara,Goleta,Coal Oil Point Researve,,0,,34.4087,-119.87859,WGS88,10,,,,Phone,,,,,,,,,,,,11/5/2019 10:34,840569,6,69627a40-17b8-4dc2-97d8-7b36630e1b9a,https://library.big-bee.net/portal/collections/individual/index.php?occid=69479
69487,UCSB,IZC,,PreservedSpecimen,0241f7a6-a9be-4d5f-9daa-e2b5cb0ba0e0,UCSB-IZC00010896,,,Animalia,Arthropoda,Insecta,Hymenoptera,Apidae,Xylocopa tabaniformis orpifex,50359,"Smith, 1874",Xylocopa,,tabaniformis,,orpifex,,,Subspecies,Katja Seltmann,2018,,,,,,Katrina Stokes,,,5/20/2017,,,2017,5,20,140,,5/20/2017,,,,,,,,,,,,,,,,,Adult,Female,1,,Pinned,,North America,,,,United States,US,California,Santa Barbara,Isla Vista,6522 Sabado Tarde Road,,0,,34.410607,-119.854835,WGS84,22,,entan (2019-09-13 11:51:08),,georef batch tool 2019-09-13; GeoLocate,reviewed - high confidence,,,,,,,,,,seltmann,12/28/2020 12:56,840578,6,32725de0-9c50-481e-b7dd-5601378a43ca,https://library.big-bee.net/portal/collections/individual/index.php?occid=69487
69490,UCSB,IZC,,PreservedSpecimen,85bd002c-ef61-4cfc-a839-33f1fbb04a88,UCSB-IZC00016671,,,Animalia,Arthropoda,Insecta,Hymenoptera,Apidae,Apis mellifera,6324,"Linnaeus, 1758",Apis,,mellifera,,,,,Species,Martin Kellogg,1999,,,,,,Martin Kellogg,,,4/17/1999,,,1999,4,17,107,,4/17/1999,,on flowers of blue-purple large phallia inflorescense,,,,,,,,,,,visitsFlowersOf: Phallia,,,,Adult,,1,,Pinned,,North America,,,,United States,US,California,Santa Barbara,Santa Barbara,"North Hall Courtyard, UCSB",,0,,34.415274,-119.846805,WGS84,301,,zachary_brown (2019-09-06 11:45:43),,georef batch tool 2019-09-06; GeoLocate,reviewed - high confidence,,,,,,,,,,,2/7/2020 9:42,840584,6,311b947b-ddeb-4658-baf8-da1f78b59ad6,https://library.big-bee.net/portal/collections/individual/index.php?occid=69490
69603,UCSB,IZC,,PreservedSpecimen,62d5aeae-364b-4ff6-97a8-cca6d725391f,UCSB-IZC00014665,,,Animalia,Arthropoda,Insecta,Hymenoptera,Apidae,Xylocopa tabaniformis orpifex,50359,"Smith, 1874",Xylocopa,,tabaniformis,,orpifex,,,Subspecies,Jamie Pawelek,2018,,,,,,J. Grieco,,,5/10/1997,,,1997,5,10,130,,5/10/1997,,,,,,,,,,,,,,,,,Adult,Female,1,,Pinned,,North America,,,,United States,US,California,Santa Barbara,Isla Vista,Isla Vista,,0,,34.413329,-119.860972,WGS84,2164,,seltmann (2019-02-22 18:33:15),,georef batch tool 2019-02-22; GeoLocate,reviewed - high confidence,,,,,,,,,,zachary_brown,12/28/2020 12:56,845471,6,c68ad50b-c0d7-4817-a9d6-9a7726763575,https://library.big-bee.net/portal/collections/individual/index.php?occid=69603
69641,UCSB,IZC,,PreservedSpecimen,384bf0a2-e858-44dc-a418-e5c873c87fbd,UCSB-IZC00026242,,,Animalia,Arthropoda,Insecta,Hymenoptera,Apidae,Apis mellifera,6324,"Linnaeus, 1758",Apis,,mellifera,,,,,Species,Charlie Thrift,2019,,,,,,UCSBees! Survey,,,2/8/2019,,,2019,2,8,39,,2/8/2019,,,,,,,Lagoon_04,,,,,,,,,,Adult,Female,1,Yellow Pan Trap,Pinned,,North America,,,,United States,US,California,Santa Barbara,Santa Barbara,UCSB Lagoon Island,,0,,34.408304,-119.848728,WGS84,10,,,,GPS,,,,,,,,,,,seltmann,12/28/2020 12:56,845882,6,c3c82096-657c-456f-b50f-26d2a122a623,https://library.big-bee.net/portal/collections/individual/index.php?occid=69641
69692,UCSB,IZC,,PreservedSpecimen,b57fe252-55e6-4fc8-8a21-fc68fbc26094,UCSB-IZC00028371,,,Animalia,Arthropoda,Insecta,Hymenoptera,Apidae,Bombus californicus,6788,"Smith, 1854",Bombus,,californicus,,,,,Species,Jaime Pawelek,2018,,,,,,Martin Kellogg,,,5/12/2004,,,2004,5,12,133,,5/12/2004,,,,,,,,,,,,,,,,,Adult,Drone,1,,Pinned,,North America,,,,United States,US,California,Santa Barbara,Santa Barbara,Mission Canyon,,0,,34.45083,-119.712914,WGS84,2112,,entan (2019-08-29 15:36:44),,georef batch tool 2019-08-29; GeoLocate,reviewed - high confidence,,,,,,,,,,,2/7/2020 9:42,847202,6,e6da3a9d-e8e2-4059-a535-2fa20fe1622e,https://library.big-bee.net/portal/collections/individual/index.php?occid=69692
69695,UCSB,IZC,,PreservedSpecimen,75bf54cb-9eba-4b73-b214-97884adc2d69,UCSB-IZC00028354,,,Animalia,Arthropoda,Insecta,Hymenoptera,Apidae,Habropoda depressa,11033,"Fowler, 1899",Habropoda,,depressa,,,,,Species,Jaime Pawelek,2018,,,,,,Martin Kellogg,,,3/12/2005,,,2005,3,12,71,,3/12/2005,~1350PST; 100% overcast; cool,a few 100m North of Kiwanis Meadow,,,,,,,,,,,Salvia mellifera flowers,,,,Adult,Female,1,,Pinned,,North America,,,,United States,US,California,Santa Barbara,Goleta,Tucker's Grove/San Antonio Creek Park,,0,,34.439794,-119.811503,,9263,,,,GeoLocate,,,,,,,,,,,,12/19/2019 8:17,847205,6,8869a8e7-d478-4ac1-ab91-ed47c8e5844a,https://library.big-bee.net/portal/collections/individual/index.php?occid=69695
69824,UCSB,IZC,,PreservedSpecimen,1f8f2a0b-7cea-4920-bb7c-65199846e9e7,UCSB-IZC00035407,,,Animalia,Arthropoda,Insecta,Hymenoptera,Apidae,Bombus californicus,6788,"Smith, 1854",Bombus,,californicus,,,,,Species,Jaime Pawelek,2018,,,,,,H. Edra,,,5/15/1999,,,1999,5,15,135,,5/15/1999,,,,,,,,,,,,,,,,,Adult,Female,1,,Pinned,,North America,,,,United States,US,California,San Diego,Chula Vista,Chula Vista,,0,,32.640054,-117.084196,WGS84,11360,,entan (2019-08-30 16:40:00),,georef batch tool 2019-08-30; GeoLocate,reviewed - high confidence,,,,,,,,,,zachary_brown,12/28/2020 12:56,849318,6,1b56413c-4d51-499a-a972-4775cf2bfbb7,https://library.big-bee.net/portal/collections/individual/index.php?occid=69824
69830,UCSB,IZC,,PreservedSpecimen,29ba1b8d-f2ef-4607-b2d9-53fe39a07785,UCSB-IZC00035618,,,Animalia,Arthropoda,Insecta,Hymenoptera,Apidae,Bombus californicus,6788,"Smith, 1854",Bombus,,californicus,,,,,Species,Jaime Pawelek,2018,,,,,,Josue Alatorre,,,5/19/2018,,,2018,5,19,139,,5/19/2018,,,,,,,,,,,,,,,,,Adult,worker,1,,Pinned,,North America,,,,United States,US,California,San Luis Obispo,Cambria,Rancho Marino Reserve,,0,,35.539485,-121.083911,WGS84,775,,entan (2019-08-30 16:49:59),,georef batch tool 2019-08-30; GeoLocate,reviewed - high confidence,,,,,,,,,,zachary_brown,12/28/2020 12:56,849324,6,ae72fea3-1a7a-4825-b3be-2cacdd9f0167,https://library.big-bee.net/portal/collections/individual/index.php?occid=69830
69871,UCSB,IZC,,PreservedSpecimen,c20a98aa-6840-4f75-8b70-dbf35a8a75ab,UCSB-IZC00035286,,,Animalia,Arthropoda,Insecta,Hymenoptera,Apidae,Bombus vosnesenskii,7022,"Radoszkowski, 1862",Bombus,,vosnesenskii,,,,,Species,Jaime Pawelek,2018,,,,,,Vilas Brown,EEMB 118 Entomology Class,,6/26/2018,,,2018,6,26,177,,6/26/2018,,Restored coastal sage scrub,,,,,,,,,,,,,,,Adult,Worker,1,sweep net,Pinned,,North America,,,,United States,US,California,Santa Barbara,Santa Barbara,"University of California, Santa Barbara Lagoon Island near Campus Point",,0,,34.4082,-119.8485,WGS84,10,,,,,,,,,,,,,,,zachary_brown,12/28/2020 12:56,849365,6,14f9e51f-d0a0-4f04-993c-fa73f8de9dc5,https://library.big-bee.net/portal/collections/individual/index.php?occid=69871
69877,UCSB,IZC,,PreservedSpecimen,c70a43b0-83b5-45ab-9cbe-eb4243e6eefb,UCSB-IZC00035441,,,Animalia,Arthropoda,Insecta,Hymenoptera,Apidae,Bombus vosnesenskii,7022,"Radoszkowski, 1862",Bombus,,vosnesenskii,,,,,Species,Jaime Pawelek,2018,,,,,,Ishita Kanungo,EEMB 118 Entomology Class,,6/26/2018,,,2018,6,26,177,,26-Jun-18,,Restored coastal sage scrub,,,,,,,,,,,,,,,Adult,Worker,1,Aerial Net,Pinned,,North America,,,,United States,US,California,Santa Barbara,Santa Barbara,"University of California, Santa Barbara Campus Point",,0,,34.4068,-119.8438,WGS84,10,,,,,,,,,,,,,,,zachary_brown,12/28/2020 12:56,849371,6,4bc81a07-de89-4f51-b7e7-c9c608ba1204,https://library.big-bee.net/portal/collections/individual/index.php?occid=69877
69888,UCSB,IZC,,PreservedSpecimen,4cb9b737-3bb7-48e1-801b-12fb56d7e1e5,UCSB-IZC00035274,,,Animalia,Arthropoda,Insecta,Hymenoptera,Megachilidae,Megachile rotundata,45514,"(Fabricius, 1793)",Megachile,Megachile (Neoeutricharaea),rotundata,,,,,Species,Jaime Pawelek,2018,,,,,,Rosalyn Ma,,,5/27/2017,,,2017,5,27,147,,5/27/2017,,,,,,,,,,,,,,,,,Adult,Female,1,,Pinned,,North America,,,,United States,US,California,Los Angeles,Diamond Bar,Sycamore Canyon Park,,0,,34.00779,-117.812559,WGS84,542,,entan (2019-09-26 10:17:58),,georef batch tool 2019-09-26; GeoLocate,reviewed - high confidence,,,,,,,,,,entan,12/28/2020 12:56,849382,6,d80b2252-8165-4744-9ed9-bcce319c7226,https://library.big-bee.net/portal/collections/individual/index.php?occid=69888
69891,UCSB,IZC,,PreservedSpecimen,31ee8399-77b3-40aa-b30c-c1c574eb163d,UCSB-IZC00035453,,,Animalia,Arthropoda,Insecta,Hymenoptera,Apidae,Bombus vosnesenskii,7022,"Radoszkowski, 1862",Bombus,,vosnesenskii,,,,,Species,Jaime Pawelek,2018,,,,,,Uma Rajpurkar,,,5/18/2018,,,2018,5,18,138,,18-May-18,,,,,,,,,,,,,,,,,Adult,Worker,1,Hand,Pinned,,North America,,,,United States,US,California,Santa Barbara,Santa Barbara,"University of California, Santa Barbara Lagoon Island",,0,,34.4065,-119.8482,WGS84,10,,,,"GPS, on label",,,,,,,,,,,zachary_brown,12/28/2020 12:56,849385,6,4ac74b74-8d47-45c2-9568-6aa6ea936664,https://library.big-bee.net/portal/collections/individual/index.php?occid=69891
69916,UCSB,IZC,,PreservedSpecimen,71c61d04-7166-4618-86a7-0b7be4128866,UCSB-IZC00035610,,,Animalia,Arthropoda,Insecta,Hymenoptera,Apidae,Bombus vosnesenskii,7022,"Radoszkowski, 1862",Bombus,,vosnesenskii,,,,,Species,Jaime Pawelek,2018,,,,,,Loren Murray,,,5/19/2018,,,2018,5,19,139,,19-May-18,,,,,,,,,,,,,,,,,Adult,Worker,1,sweep net,Pinned,,North America,,,,United States,US,California,San Luis Obispo,Cambria,Cambria,,0,,35.5403,-121.0915,WGS84,10,,,,,,,,,,,,,,,zachary_brown,12/28/2020 12:56,849410,6,ec0bddf7-aae4-480f-9d61-dff0dc67c18f,https://library.big-bee.net/portal/collections/individual/index.php?occid=69916
69943,UCSB,IZC,,PreservedSpecimen,117bd520-1be4-4083-9ef1-e094b5ed3987,UCSB-IZC00035538,,,Animalia,Arthropoda,Insecta,Hymenoptera,Apidae,Bombus vosnesenskii,7022,"Radoszkowski, 1862",Bombus,,vosnesenskii,,,,,Species,Jaime Pawelek,2018,,,,,,Kevin Okuda,,,5/15/2017,,,2017,5,15,135,,5/15/2017,,,,,,,,,,,,,,,,,Adult,Worker,1,,Pinned,,North America,,,,United States,US,California,Santa Barbara,Isla Vista,"Isla Vista, Campus Point",,0,,34.405771,-119.845546,WGS84,244,,seltmann (2019-08-01 17:09:01),,georef batch tool 2019-08-01; GeoLocate,reviewed - high confidence,,,,,,,,,,zachary_brown,12/28/2020 12:56,849437,6,b223f912-fec2-44b3-b4dc-101ed3e4785c,https://library.big-bee.net/portal/collections/individual/index.php?occid=69943
69952,UCSB,IZC,,PreservedSpecimen,458b7b02-a6e9-49a0-a07b-2c2e5cd69c46,UCSB-IZC00035519,,,Animalia,Arthropoda,Insecta,Hymenoptera,Apidae,Bombus vosnesenskii,7022,"Radoszkowski, 1862",Bombus,,vosnesenskii,,,,,Species,Jaime Pawelek,2018,,,,,,Michael Drummond,,,5/26/2018,,,2018,5,26,146,,26-May-18,,,,,,,,,,,,,,,,,Adult,Worker,1,sweep net,Pinned,,North America,,,,United States,US,California,Tulare,Lemon Cove,Three Rivers Campground,,0,,36.3916,-118.9558,,,,,,,,,,,,,,,,,zachary_brown,12/28/2020 12:56,849446,6,22a873d9-1175-4d81-b397-2c66e85acf05,https://library.big-bee.net/portal/collections/individual/index.php?occid=69952
70017,UCSB,IZC,,PreservedSpecimen,488929e6-c5dd-4ea6-ad1d-29c856b0b8c5,UCSB-IZC00034409,,,Animalia,Arthropoda,Insecta,Hymenoptera,Andrenidae,Andrena oenotherae,4972,"Timberlake, 1937",Andrena,,oenotherae,,,,,Species,Jaime Pawelek,2019,,,,,,,,,6/30/1983,,,1983,6,30,181,,6/30/1983,,,,,,,,,,,,,,,,,Adult,Female,1,,Pinned,,North America,,,,United States,US,California,Santa Barbara,,Santa Cruz Island,,0,,34.019513,-119.72834,WGS84,20230,,entan (2019-06-25 16:20:42),,georef batch tool 2019-06-25; GeoLocate,reviewed - high confidence,,,,,,,,,,entan,12/28/2020 12:56,849526,6,27abccc5-a131-41aa-97b4-3b290933c095,https://library.big-bee.net/portal/collections/individual/index.php?occid=70017
70041,UCSB,IZC,,PreservedSpecimen,ee1c4bce-abf1-4683-8bb1-7113f10ffe4c,UCSB-IZC00035452,,,Animalia,Arthropoda,Insecta,Hymenoptera,Apidae,Xylocopa tabaniformis orpifex,50359,"Smith, 1874",Xylocopa,,tabaniformis,,orpifex,,,Subspecies,Jaime Pawelek,2018,,,,,,Stewart Sanders,,,5/12/1999,,,1999,5,12,132,,12-V-99,,,,,,,,,,,,,,,,,Adult,Female,1,,Pinned,,North America,,,,United States,US,California,Santa Barbara,,Rattlesnake Canyon,,0,,34.47088,-119.686467,WGS84,4000,,zachary_brown (2019-09-19 15:38:19),,georef batch tool 2019-09-19; GeoLocate,reviewed - high confidence,,,,,,,,,,zachary_brown,12/28/2020 12:56,849550,6,4d584f29-8de2-4cfa-909c-a87ff2d0125d,https://library.big-bee.net/portal/collections/individual/index.php?occid=70041
70081,UCSB,IZC,,PreservedSpecimen,74e0f578-d6bf-40ef-a9b7-c22060e1fe01,UCSB-IZC00034449,,,Animalia,Arthropoda,Insecta,Hymenoptera,Apidae,Apis mellifera,6324,"Linnaeus, 1758",Apis,,mellifera,,,,,Species,Taylor Curtis,2019,,,,,,UCSBees Survey,"Charlie Thrift, Taylor Curtis",,2/6/2019,,,2019,2,6,37,,2/6/2019,,,,,,,NCOS_01,,,,,,,,,,Adult,Female,1,Yellow Pan Trap,Pinned,,North America,,,,United States,US,California,Santa Barbara,Goleta,North Campus Open Space,,0,,34.4215,-119.8827,WGS84,10,,,,,,,,,,,,,,,entan,12/28/2020 17:11,849590,6,2356466e-9bbc-44df-8500-b6e1068ab563,https://library.big-bee.net/portal/collections/individual/index.php?occid=70081
70359,UCSB,IZC,,PreservedSpecimen,4d0f5812-c9d2-47d8-8027-6d73c639da47,UCSB-IZC00034799,,,Animalia,Arthropoda,Insecta,Hymenoptera,Halictidae,Halictus farinosus,11149,"Smith, 1853",Halictus,,farinosus,,,,,Species,Jamie Pawelek,2019,,,,,,UCSBees Survey,David Dewey,,1/19/2019,,,2019,1,19,19,,1/19/2019,,,,,,,SCIR_04,,,,,,,,,,Adult,Female,1,Yellow Pan Trap,Pinned,,North America,,,,United States,US,California,Santa Barbara,,Santa Cruz Island,,0,,33.991056,-119.719278,WGS84,10,,,,,,,,,,,,,,,entan,12/28/2020 17:16,849865,6,7a076714-7356-46b0-b179-9cb7ad8c3484,https://library.big-bee.net/portal/collections/individual/index.php?occid=70359
70374,UCSB,IZC,,PreservedSpecimen,f4076dd0-af11-4e54-ac60-fd6f25bd876a,UCSB-IZC00034914,,,Animalia,Arthropoda,Insecta,Hymenoptera,Apidae,Apis mellifera,6324,"Linnaeus, 1758",Apis,,mellifera,,,,,Species,Charlie Thrift,2019,,,,,,UCSBees Survey,,,4/17/2019,,,2019,4,17,107,,4/17/2019,,,,,,,Lagoon_03,,,,,,,,,,Adult,Female,1,Yellow Pan Trap,Pinned,,North America,,,,United States,US,California,Santa Barbara,Santa Barbara,"University of California Santa Barbara, Campus Lagoon",,0,,34.407967,-119.848322,WGS84,10,,,,GPS,,,,,,,,,,,entan,12/28/2020 12:56,849880,6,f4855bd2-07d1-4cbc-b108-91cf600d0942,https://library.big-bee.net/portal/collections/individual/index.php?occid=70374
70470,UCSB,IZC,,PreservedSpecimen,09588691-95bb-4dbf-914d-ed48b6c7a9da,UCSB-IZC00033743,,,Animalia,Arthropoda,Insecta,Hymenoptera,Apidae,Habropoda depressa,11033,"Fowler, 1899",Habropoda,,depressa,,,,,Species,Jaime Pawelek,2018,,,,,,,,17,3/27/1991,,,1991,3,27,86,,3/27 1991,"Santa Cruz Island Reserve (SCIR) Collection, 2017",,,,,,,,,,,,Brassica,,,,Adult,Female,1,,Pinned,,North America,,,,United States,US,California,Santa Barbara,,Santa Cruz Island,,0,,34.019513,-119.72834,WGS84,20230,,entan (2019-06-25 16:20:42),,georef batch tool 2019-06-25; GeoLocate,reviewed - high confidence,,,,,,,,,,zachary_brown,12/28/2020 12:56,850002,6,316a0843-e5c2-4640-9bb9-707221e5d8ca,https://library.big-bee.net/portal/collections/individual/index.php?occid=70470
70532,UCSB,IZC,,PreservedSpecimen,ad4527d6-2daf-4803-9437-239a9afcf36d,UCSB-IZC00030944,,,Animalia,Arthropoda,Insecta,Hymenoptera,Apidae,Apis mellifera,6324,"Linnaeus, 1758",Apis,,mellifera,,,,,Species,Taylor Curtis,2019,,,,,,UCSBees Survey,Wayne Chapman,,5/14/2019,,,2019,5,14,134,,5/14/2019,,,,,,,Greenhouse_01,,,,,,,,,,Adult,Female,1,Pan Trap,Pinned,,North America,,,,United States,US,California,Santa Barbara,Santa Barbara,"Cheadle Center for Biodiversity and Ecological Restoration (CCBER) Greenhouse, 61 meters northwest of Parking Lot 38",,0,,34.420935,-119.858054,WGS84,10,,,,,,,,,,,,,,,kristyle,12/28/2020 12:56,853351,6,eaae1c9c-0fb9-4caa-9d74-fa1b5dd29567,https://library.big-bee.net/portal/collections/individual/index.php?occid=70532
70877,UCSB,IZC,,PreservedSpecimen,97042351-9afb-4bca-9616-416f244e104a,UCSB-IZC00030348,,,Animalia,Arthropoda,Insecta,Hymenoptera,Halictidae,Halictus farinosus,11149,"Smith, 1853",Halictus,,farinosus,,,,,Species,Jamie Pawelek,2019,,,,,,UCSBees survey,David Dewey,,3/15/2019,,,2019,3,15,74,,15-Mar-19,,,,,,,SCIR_03,,,,,,,,,,Adult,Female,1,Pan Trap,Pinned,,North America,,,,United States,US,California,Santa Barbara,,Santa Cruz Island Reserve,,0,,33.997278,-119.714056,WGS84,10,,,,,,,64,,,,,209',,,EmanueleGiacomuzzo,12/28/2020 12:56,853710,6,a5eb73b7-907b-4b8a-8ace-63f52e140587,https://library.big-bee.net/portal/collections/individual/index.php?occid=70877
70886,UCSB,IZC,,PreservedSpecimen,b68d8810-5dfe-42fe-8f5f-e5031596ddeb,UCSB-IZC00030122,,,Animalia,Arthropoda,Insecta,Hymenoptera,Halictidae,Halictus farinosus,11149,"Smith, 1853",Halictus,,farinosus,,,,,Species,Jamie Pawelek,2019,,,,,,UCSBees survey,David Dewey,,4/15/2019,,,2019,4,15,105,,15-Apr-19,,,,,,,SCIR_03,,,,,,,,,,Adult,Female,1,Yellow Pan Trap,Pinned,,North America,,,,United States,US,California,Santa Barbara,,Santa Cruz Island Reserve,,0,,33.997278,-119.714056,WGS84,10,,,,,,,64,,,,,209',,,EmanueleGiacomuzzo,12/28/2020 12:56,853719,6,60b1491c-c59e-4ee2-83f9-6f52ce8f52c4,https://library.big-bee.net/portal/collections/individual/index.php?occid=70886
70929,UCSB,IZC,,PreservedSpecimen,2ca36c88-a748-4da7-a50b-ce7a08510bb5,UCSB-IZC00030337,,,Animalia,Arthropoda,Insecta,Hymenoptera,Apidae,Eucera actuosa,9990,"(Cresson, 1878)",Eucera,,actuosa,,,,,Species,Jamie Pawalek,2019,,,,,,UCSBees Survey,David Dewey,,4/15/2019,,,2019,4,15,105,,15-Apr-19,,,,,,,SCIR_02,,,,,,,,,,Adult,Female,1,Pan Trap,Pinned,,North America,,,,United States,US,California,Santa Barbara,,Santa Cruz Island Reserve,,0,,33.991972,-119.689278,WGS84,10,,,,,,,130,,,,,428',,,emilyward,12/28/2020 12:56,853762,6,d01ebd07-c73f-419d-91b4-6a5850436c89,https://library.big-bee.net/portal/collections/individual/index.php?occid=70929
71133,UCSB,IZC,,PreservedSpecimen,b07274f6-f865-4967-b2e7-47703df0832b,UCSB-IZC00036078,,,Animalia,Arthropoda,Insecta,Hymenoptera,Halictidae,Agapostemon subtilior,68885,Cockerell 1898,Agapostemon,,subtilior,,,,,Species,Katja Seltmann,1/24/2025,"European Journal of Taxonomy 958: 203?241 ISSN 2118-9773, https://doi.org/10.5852/ejt.2024.958.2671",,,,,UCSBees survey,David Dewey,,4/15/2019,,,2019,4,15,105,,15-Apr-19,,,,,,,SCIR_05,,,,,,,,,,Adult,Female,1,Pan Trap,Pinned,,North America,,,,United States,US,California,Santa Barbara,,Santa Cruz Island Reserve,,0,,34.018889,-119.871111,WGS84,10,,,,,,,24,,,,,80',,,EmanueleGiacomuzzo,12/28/2020 12:56,853974,6,5166e813-5141-4ed6-84b3-cd6358f809e3,https://library.big-bee.net/portal/collections/individual/index.php?occid=71133
71134,UCSB,IZC,,PreservedSpecimen,82ae9303-ce2b-4713-8c07-980db68997d1,UCSB-IZC00037376,,,Animalia,Arthropoda,Insecta,Hymenoptera,Apidae,Anthophora edwardsii,5957,"Cresson, 1878",Anthophora,,edwardsii,,,,,Species,Jamie Pawalek,2019,,,,,,UCSBees Survey,,,3/14/2019,,,2019,3,14,73,,14-Mar-19,,,,,,,Lagoon_03,,,,,,,,,,Adult,Female,1,Pan Trap,Pinned,,North America,,,,United States,US,California,Santa Barbara,Santa Barbara,UC Santa Barbara Lagoon,,0,,34.407967,-119.848322,WGS84,10,,,,GPS,,,,,,,,,,,emilyward,12/28/2020 12:56,853975,6,bbdc43bf-65e5-411e-a29b-0e9d71d4bbde,https://library.big-bee.net/portal/collections/individual/index.php?occid=71134
71216,UCSB,IZC,,PreservedSpecimen,8c6232d9-24a5-40e5-9b94-1860974fa38e,UCSB-IZC00037492,,,Animalia,Arthropoda,Insecta,Hymenoptera,Apidae,Diadasia bituberculata,9434,"(Cresson, 1878)",Diadasia,,bituberculata,,,,,Species,Jamie Pawelek,2019,,,,,,UCSBees Survey,Kipp Callahan,,5/17/2019,,,2019,5,17,137,,17-May-19,,,,,,,COPR_05,,,,,,,,,,Adult,Female,1,Pan Trap,Pinned,,North America,,,,United States,US,California,Santa Barbara,Goleta,Coal Oil Point Reserve,,0,,34.41733,-119.87962,WGS84,10,,,,,,,,,,,,,,,EmanueleGiacomuzzo,12/28/2020 12:56,854057,6,fab542be-3224-4e8e-8913-867824ad2193,https://library.big-bee.net/portal/collections/individual/index.php?occid=71216
71218,UCSB,IZC,,PreservedSpecimen,f2b7f112-5f2b-4626-a740-2994e61313f8,UCSB-IZC00037347,,,Animalia,Arthropoda,Insecta,Hymenoptera,Apidae,Diadasia bituberculata,9434,"(Cresson, 1878)",Diadasia,,bituberculata,,,,,Species,Jamie Pawelek,2019,,,,,,UCSBees Survey,Kipp Callahan,,5/17/2019,,,2019,5,17,137,,17-May-19,,,,,,,COPR_05,,,,,,,,,,Adult,Female,1,Pan Trap,Pinned,,North America,,,,United States,US,California,Santa Barbara,Goleta,Coal Oil Point Reserve,,0,,34.41733,-119.87962,WGS84,10,,,,,,,,,,,,,,,EmanueleGiacomuzzo,12/28/2020 12:56,854059,6,b9dd19c1-d251-4521-bd04-a82851c6a1ac,https://library.big-bee.net/portal/collections/individual/index.php?occid=71218
71327,UCSB,IZC,,PreservedSpecimen,5e8cffbc-b094-4d30-a09a-29134d2a7ece,UCSB-IZC00030264,,,Animalia,Arthropoda,Insecta,Hymenoptera,Apidae,Diadasia bituberculata,9434,"(Cresson, 1878)",Diadasia,,bituberculata,,,,,Species,Jamie Pawelek,2019,,,,,,UCSBees Survey,Kipp Callahan,,5/17/2019,,,2019,5,17,137,,17-May-19,,,,,,,COPR_04,,,,,,,,,,Adult,Female,1,Pan Trap,Pinned,,North America,,,,United States,US,California,Santa Barbara,Goleta,Coal Oil Point Reserve,,0,,34.41491,-119.8802,WGS84,10,,,,,,,,,,,,,,,EmanueleGiacomuzzo,12/28/2020 12:56,854168,6,9b50eb3d-38b3-4244-9c58-4e20e6ea98ee,https://library.big-bee.net/portal/collections/individual/index.php?occid=71327
71380,UCSB,IZC,,PreservedSpecimen,c1ce0232-d7cb-4ae7-94d9-050685d31d1d,UCSB-IZC00031299,,,Animalia,Arthropoda,Insecta,Hymenoptera,Apidae,Diadasia bituberculata,9434,"(Cresson, 1878)",Diadasia,,bituberculata,,,,,Species,Jamie Pawalek,2019,,,,,,UCSBees Survey,,,4/17/2019,,,2019,4,17,107,,17-Apr-19,,,,,,,Lagoon_02,,,,,,,,,,Adult,Female,1,Yellow Pan Trap,Pinned,,North America,,,,United States,US,California,Santa Barbara,Santa Barbara,UC Santa Barbara Lagoon,,0,,34.40677,-119.84716,WGS84,10,,,,GPS,,,,,,,,,,,emilyward,12/28/2020 12:56,854198,6,976fc0b8-ff23-4b83-807c-309d0d7ca6dc,https://library.big-bee.net/portal/collections/individual/index.php?occid=71380
71473,UCSB,IZC,,PreservedSpecimen,85415bd9-41bf-4529-a6df-701db39daa20,UCSB-IZC00036056,,,Animalia,Arthropoda,Insecta,Hymenoptera,Apidae,Apis mellifera,6324,"Linnaeus, 1758",Apis,,mellifera,,,,,Species,Katja Seltmann,11/21/2019,,,,,,UCSBees,Kipp Callahan,,9/17/2019,,,2019,9,17,260,,9/17/2019,,,,,,,COPR_03,,,,,,,,,,"Adult, Worker",Female,1,Pan Trap,Pinned,,North America,,,,United States,US,California,Santa Barbara,Goleta,Coal Oil Point Reserve,,0,,34.41276,-119.88231,WGS84,10,,,,GPS,,,,,,,,,,,,1/11/2020 11:38,854292,6,ff7aafe1-e23e-437f-ba29-7bdae90e474e,https://library.big-bee.net/portal/collections/individual/index.php?occid=71473
71727,UCSB,IZC,,PreservedSpecimen,44599a82-0db2-4b90-a662-a4da6d8cb880,UCSB-IZC00036167,,,Animalia,Arthropoda,Insecta,Hymenoptera,Apidae,Apis mellifera,6324,"Linnaeus, 1758",Apis,,mellifera,,,,,Species,Katja Seltmann,11/21/2019,,,,,,UCSBees,Evan Hobson,,10/16/2019,,,2019,10,16,289,,10/16/2019,,,,,,,SCR_06,,,,,,,,,,"Adult, Worker",Female,1,Pan Trap,Pinned,,North America,,,,United States,US,California,Ventura,,Santa Clara River,,0,,34.355015,-119.014507,WGS84,10,,,,GPS,,,,,,,,,,,,2/16/2020 16:17,854572,6,797cc9b6-337c-40a6-b227-c3c0aec4fe5f,https://library.big-bee.net/portal/collections/individual/index.php?occid=71727
71734,UCSB,IZC,,PreservedSpecimen,51bc46ac-754a-49c3-b104-57f9b75b4e35,UCSB-IZC00036441,,,Animalia,Arthropoda,Insecta,Hymenoptera,Apidae,Apis mellifera,6324,"Linnaeus, 1758",Apis,,mellifera,,,,,Species,Rachel Behm,2019,,,,,,Barry Lao,EEMB 116 Collection,,4/14/2018,,,2018,4,14,104,,14-Apr-18,,,,,,,,,,,,,,Worker,,,Adult,Female,1,Sweep Net,Pinned,,North America,,,,United States,US,California,Santa Barbara,Santa Barbara,University of California Santa Barbara Lagoon Island,,0,,34.408097,-119.847312,WGS84,498,,seltmann (2022-05-05 15:11:46),,georef batch tool 2022-05-05; GeoLocate,reviewed - high confidence,,,,,,,,,,leahweiss,12/28/2020 12:56,854592,6,9e9bfd1a-0368-488a-a3af-2959981bc9fc,https://library.big-bee.net/portal/collections/individual/index.php?occid=71734
71745,UCSB,IZC,,PreservedSpecimen,166bf4d2-7869-450a-81df-1f48f2585307,UCSB-IZC00036553,,,Animalia,Arthropoda,Insecta,Hymenoptera,Apidae,Apis mellifera,6324,"Linnaeus, 1758",Apis,,mellifera,,,,,Species,Rachel Behm,2019,,,,,,J. Endres,,,4/15/1997,,,1997,4,15,105,,15-IV-97,,,,,,,,,,,,,,Worker,,,Adult,Female,1,,Pinned,,North America,,,,United States,US,California,Santa Barbara,Santa Barbara,"University of California Santa Barbara, Campus Lagoon",,0,,34.411786,-119.86295,,3662,,,,GeoLocate,,,,,,,,,,,leahweiss,12/28/2020 12:56,854603,6,5a72f4e6-c079-4b82-a4d2-ed2ece4c7049,https://library.big-bee.net/portal/collections/individual/index.php?occid=71745
71830,UCSB,IZC,,PreservedSpecimen,2932067f-8a65-4df8-8e1b-ce586254cc36,UCSB-IZC00036467,,,Animalia,Arthropoda,Insecta,Hymenoptera,Megachilidae,Osmia nemoris,18928,"Sandhouse, 1924",Osmia,,nemoris,,,,,Species,Douglas Yanega,2022,,,,,,UCSBees,David Dewey,,6/9/2019,,,2019,6,9,160,,6/9/2019,,,,,,,SCIR_02,,,,,,,,,,Adult,Female,1,Pan Trap,Pinned,,North America,,,,United States,US,California,Santa Barbara,,Santa Cruz Island Reserve,,0,,33.991972,-119.689278,WGS84,10,,,,,,,130,,,,,428',,,seltmann,12/28/2020 12:56,854725,6,582465c5-cf37-41a7-86ab-43224ed08d90,https://library.big-bee.net/portal/collections/individual/index.php?occid=71830
71839,UCSB,IZC,,PreservedSpecimen,92c079f7-1c80-484b-a2f8-bf2eeacb4e1c,UCSB-IZC00036320,,,Animalia,Arthropoda,Insecta,Hymenoptera,Halictidae,Agapostemon subtilior,68885,Cockerell 1898,Agapostemon,,subtilior,,,,,Species,Katja Seltmann,1/24/2025,"European Journal of Taxonomy 958: 203?241 ISSN 2118-9773, https://doi.org/10.5852/ejt.2024.958.2671",,,,,UCSBees,David Dewey,,6/9/2019,,,2019,6,9,160,,6/9/2019,,,,,,,SCIR_01,,,,,,,,,,Adult,Female,1,Pan Trap,Pinned,,North America,,,,United States,US,California,Santa Barbara,,Santa Cruz Island Reserve,,0,,34.001056,-119.686972,WGS84,10,,,,,,,370,,,,,1213',,,seltmann,12/28/2020 12:56,854734,6,7116cd08-78ef-4d34-b620-ed49bb76fda5,https://library.big-bee.net/portal/collections/individual/index.php?occid=71839
71873,UCSB,IZC,,PreservedSpecimen,60a57b24-e90b-4ead-bd43-9345faaac9b6,UCSB-IZC00036466,,,Animalia,Arthropoda,Insecta,Hymenoptera,Halictidae,Agapostemon subtilior,68885,Cockerell 1898,Agapostemon,,subtilior,,,,,Species,Katja Seltmann,1/24/2025,"European Journal of Taxonomy 958: 203?241 ISSN 2118-9773, https://doi.org/10.5852/ejt.2024.958.2671",,,,,UCSBees,,,8/16/2019,,,2019,8,16,228,,8/16/2019,,,,,,,Lagoon_05,,,,,,,,,,Adult,Female,1,Pan Trap,Pinned,,North America,,,,United States,US,California,Santa Barbara,,University of California Santa Barbara Lagoon Island,,0,,34.40928,-119.84892,WGS84,10,,,,GPS,,,,,,,,,,,seltmann,12/28/2020 12:56,854768,6,aa2ae46b-f7db-4394-ac8b-53b97fb7d3bd,https://library.big-bee.net/portal/collections/individual/index.php?occid=71873
71874,UCSB,IZC,,PreservedSpecimen,bebfcf55-99f4-47d8-a97a-39457b486b92,UCSB-IZC00036326,,,Animalia,Arthropoda,Insecta,Hymenoptera,Halictidae,Agapostemon subtilior,68885,Cockerell 1898,Agapostemon,,subtilior,,,,,Species,Katja Seltmann,1/24/2025,"European Journal of Taxonomy 958: 203?241 ISSN 2118-9773, https://doi.org/10.5852/ejt.2024.958.2671",,,,,UCSBees,,,8/16/2019,,,2019,8,16,228,,8/16/2019,,,,,,,Lagoon_01,,,,,,,,,,Adult,Female,1,Pan Trap,Pinned,,North America,,,,United States,US,California,Santa Barbara,,University of California Santa Barbara Lagoon Island,,0,,34.407448,-119.849818,WGS84,10,,,,GPS,,,,,,,,,,,seltmann,12/28/2020 12:56,854769,6,92c66ba3-ed3e-4d78-8941-64f1beb9774c,https://library.big-bee.net/portal/collections/individual/index.php?occid=71874
71875,UCSB,IZC,,PreservedSpecimen,3c044958-e254-4301-b0ca-f53364247e03,UCSB-IZC00036601,,,Animalia,Arthropoda,Insecta,Hymenoptera,Halictidae,Agapostemon subtilior,68885,Cockerell 1898,Agapostemon,,subtilior,,,,,Species,Katja Seltmann,1/24/2025,"European Journal of Taxonomy 958: 203?241 ISSN 2118-9773, https://doi.org/10.5852/ejt.2024.958.2671",,,,,UCSBees,,,8/16/2019,,,2019,8,16,228,,8/16/2019,,,,,,,Lagoon_01,,,,,,,,,,Adult,Female,1,Pan Trap,Pinned,,North America,,,,United States,US,California,Santa Barbara,,University of California Santa Barbara Lagoon Island,,0,,34.407448,-119.849818,WGS84,10,,,,GPS,,,,,,,,,,,seltmann,12/28/2020 12:56,854770,6,55982fcf-693d-4f64-96ab-6a70dfc7ca57,https://library.big-bee.net/portal/collections/individual/index.php?occid=71875
72360,UCSB,IZC,,PreservedSpecimen,bbb84045-dbcf-4f2d-94fe-153873c7f22c,UCSB-IZC00039622,,,Animalia,Arthropoda,Insecta,Hymenoptera,Apidae,Bombus vosnesenskii,7022,"Radoszkowski, 1862",Bombus,,vosnesenskii,,,,,Species,Jamie Pawelek,2022,,,,,,UCSBees survey,David Dewey,,5/8/2019,,,2019,5,8,128,,8-May-19,,,,,,,SCIR_03,,,,,,,,,,Adult,Worker,1,Hand,Pinned,,North America,,,,United States,US,California,Santa Barbara,,Santa Cruz Island,,0,,33.997278,-119.714056,WGS84,10,,,,,,,64,,,,,209',,,raymond01,12/28/2020 12:56,855668,6,41b2f0da-3431-4161-9fa7-ab16e87cccdb,https://library.big-bee.net/portal/collections/individual/index.php?occid=72360
72393,UCSB,IZC,,PreservedSpecimen,efa081f0-2a61-4ec1-9f55-37e4384f8c01,UCSB-IZC00037171,,,Animalia,Arthropoda,Insecta,Hymenoptera,Apidae,Diadasia bituberculata,9434,"(Cresson, 1878)",Diadasia,,bituberculata,,,,,Species,Jamie Pawelek,2022,,,,,,UCSBees survey,"Charlie Thrift, Taylor Curtis",,7/11/2019,,,2019,7,11,192,,"July 11,2019",,,,,,,NCOS_05,,,,,,,,,,Adult,Female,1,,Pinned,,North America,,,,United States,US,California,Santa Barbara,Goleta,University of California Santa Barbara North Campus Open Space,,0,,34.4189,-119.8799,WGS84,10,,,,,,,,,,,,,,,romimari,12/28/2020 17:11,855678,6,c1696373-0c99-4d18-8c89-a0a879bd520d,https://library.big-bee.net/portal/collections/individual/index.php?occid=72393
72408,UCSB,IZC,,PreservedSpecimen,12e1b898-5e32-4626-9d28-e7f93e3bdd9f,UCSB-IZC00037197,,,Animalia,Arthropoda,Insecta,Hymenoptera,Apidae,Bombus vosnesenskii,7022,"Radoszkowski, 1862",Bombus,,vosnesenskii,,,,,Species,Jamie Pawelek,2022,,,,,,UCSBees survey,David Dewey,,6/9/2019,,,2019,6,9,160,,6/9/2019,,,,,,,,,,,,,,,,,,Worker,1,Hand,Pinned,,North America,,,,United States,US,California,Santa Barbara,,Santa Cruz Island,,0,,33.995224,-119.71556,,,"33.995224, -119.715560",,,,,,,,,,,,,,zachary_brown,12/28/2020 12:56,855693,6,50539053-4a8d-4d53-8003-0c78180ba4cf,https://library.big-bee.net/portal/collections/individual/index.php?occid=72408
72647,UCSB,IZC,,PreservedSpecimen,237ae4fa-b6b3-45a5-9cf3-1603ffc6f6a4,UCSB-IZC00042882,,,Animalia,Arthropoda,Insecta,Hymenoptera,Apidae,Apis mellifera,6324,"Linnaeus, 1758",Apis,,mellifera,,,,,Species,Rachel Behm,2020,,,,,,Katja Seltmann,UCSB Arthropod Survey,,7/14/2016,,,2016,7,14,196,,"july 14-15, 2016",,fennel grassland,,,,,FG-YPT-02,,,,,,,,,,Adult,Worker,1,Yellow Pan Trap,Pinned,,North America,,,,United States,US,California,Santa Barbara,Goleta,UCSB North Campus Open Space,,0,,34.4198,-119.8787,WGS84,10,,,,,,,,,,,,,,,rbehm,12/28/2020 12:56,856140,6,4c138f51-a725-4ce2-b81e-4c3496d52971,https://library.big-bee.net/portal/collections/individual/index.php?occid=72647
72658,UCSB,IZC,,PreservedSpecimen,d923e73d-c6a7-4d49-bb7c-393f72ebc0f4,UCSB-IZC00038891,,,Animalia,Arthropoda,Insecta,Hymenoptera,Apidae,Apis mellifera,6324,"Linnaeus, 1758",Apis,,mellifera,,,,,Species,R. Behm,2020,,,,,,Kyle Mrazek,,,5/19/2018,,,2018,5,19,139,,"19 May, 2018",,,,,,,,,,,,,,,,,Adult,Worker,1,,Pinned,,North America,,,,United States,US,California,San Luis Obispo,Cambria,"Cambria, Kenneth S. Norris Rancho Marino Reserve",,0,,35.532077,-121.080473,WGS84,1513,,almalove (2024-06-03 19:35:39),,georef batch tool 2024-06-03,,,,,,,,,,,nolanweis,12/28/2020 12:56,856151,6,b3e2b191-974e-4b9e-bf19-0ca29517ad6b,https://library.big-bee.net/portal/collections/individual/index.php?occid=72658
72663,UCSB,IZC,,PreservedSpecimen,bdb30780-5681-4f29-ade1-39b773398ba6,UCSB-IZC00038889,,,Animalia,Arthropoda,Insecta,Hymenoptera,Apidae,Apis mellifera,6324,"Linnaeus, 1758",Apis,,mellifera,,,,,Species,R. Behm,2020,,,,,,Diana Gomez,,,4/21/2018,,,2018,4,21,111,,"21 April, 2018",,,,,,,,,,,,,,,,,Adult,Worker,1,Sweep Net,Pinned,,North America,,,,United States,US,California,Santa Barbara,Goleta,"Goleta, Lake Los Carneros",,0,,34.441203,-119.848575,WGS84,590,,almalove (2024-06-04 22:06:16),,georef batch tool 2024-06-04,,,,,,,,,,,nolanweis,12/28/2020 12:56,856156,6,bf036339-3cec-4a34-b199-67d011533974,https://library.big-bee.net/portal/collections/individual/index.php?occid=72663
72679,UCSB,IZC,,PreservedSpecimen,791c9568-536c-4ad0-80e7-88140356017a,UCSB-IZC00042591,,,Animalia,Arthropoda,Insecta,Hymenoptera,Apidae,Apis mellifera,6324,"Linnaeus, 1758",Apis,,mellifera,,,,,Species,Rachel Behm,2020,,,,,,Shelby Heinse,,,5/13/2018,,,2018,5,13,133,,"13 May, 2018",,,,,,,,,,,,,,,,,Adult,Worker,1,Hand,Pinned,,North America,,,,United States,US,California,Santa Barbara,Goleta,Goleta,,0,,34.4361,-119.6165,WGS84,10,,,,,,,,,,,,,,,nolanweis,12/28/2020 12:56,856172,6,d8f620f5-2b5d-44b4-9ff3-ff3129d00e67,https://library.big-bee.net/portal/collections/individual/index.php?occid=72679
72680,UCSB,IZC,,PreservedSpecimen,77b7c95e-6d79-43f3-baec-3efbaab4d909,UCSB-IZC00042543,,,Animalia,Arthropoda,Insecta,Hymenoptera,Apidae,Apis mellifera,6324,"Linnaeus, 1758",Apis,,mellifera,,,,,Species,Rachel Behm,2020,,,,,,Josue Alatorre,,,5/10/2018,,,2018,5,10,130,,10-May-18,,,,,,,,,,,,,,,,,Adult,Worker,1,,Pinned,,North America,,,,United States,US,California,Santa Barbara,Goleta,"Refugio Canyon, Refugio Creek",,0,,34.494815,-120.065666,,3334,,almalove (2024-06-04 22:07:59),,georef batch tool 2024-06-04,,,,,,,,,,,nolanweis,12/28/2020 12:56,856173,6,ebc61fc9-88b8-4a34-bbf2-aac8e3d281bc,https://library.big-bee.net/portal/collections/individual/index.php?occid=72680
72710,UCSB,IZC,,PreservedSpecimen,52f9ced2-3a74-4eba-b86f-6114b22b2890,UCSB-IZC00042834,,,Animalia,Arthropoda,Insecta,Hymenoptera,Apidae,Apis mellifera,6324,"Linnaeus, 1758",Apis,,mellifera,,,,,Species,R. Behm,2020,,,,,,UCSB Arthtropod Survey,,,4/14/2016,,,2016,4,14,105,,"April 14-15, 2016",,,,,,,US-TPT-02,,,,,,,,,,Adult,Worker,1,Yellow Pan Trap,Pinned,,North America,,,,United States,US,California,Santa Barbara,Goleta,UCSB North Campus Open Space,,0,,34.4205,-119.8792,WGS84,10,,,,,,,,,,,,,,,raymond01,12/28/2020 12:56,856203,6,8bba23a4-3088-4144-aa46-e2a1d7e19713,https://library.big-bee.net/portal/collections/individual/index.php?occid=72710
72862,UCSB,IZC,,PreservedSpecimen,4fb763d0-d139-4b47-87a5-213bbe6b0051,UCSB-IZC00038673,,,Animalia,Arthropoda,Insecta,Hymenoptera,Apidae,Apis mellifera,6324,"Linnaeus, 1758",Apis,,mellifera,,,,,Species,Rachel Behm,2020,,,,,,Jose Bojorquez,,,5/30/2017,,,2017,5,30,150,-31,5/30/2017,,,,,,,,,,,,,,,,,Adult,Worker,1,,Pinned,,North America,,,,United States,US,California,Santa Barbara,Isla Vista,"Isla Vista, Pardall Road",,0,,34.413098,-119.856167,WGS84,237,,almalove (2024-06-06 14:40:48),,georef batch tool 2024-06-06,,,,,,,,,,,nolanweis,12/28/2020 12:56,856390,6,20af8959-777b-465a-a70b-ce4dc0c4642b,https://library.big-bee.net/portal/collections/individual/index.php?occid=72862
72877,UCSB,IZC,,PreservedSpecimen,a794c50f-dd6c-4b28-9aa3-41018554f826,UCSB-IZC00042399,,,Animalia,Arthropoda,Insecta,Hymenoptera,Apidae,Apis mellifera,6324,"Linnaeus, 1758",Apis,,mellifera,,,,,Species,R. Behm,2019,,,,,,Mimi Liu,,,8/2/2018,,,2018,8,2,214,,2-Aug-16,,,,,,,,,,,,,,,,,Adult,Worker,1,Hand,Pinned,,North America,,,,United States,US,California,Santa Barbara,,UCSB Library,,0,,34.4137,-119.8451,WGS84,10,,,,,,,,,,,,,,,raymond01,12/28/2020 12:56,856405,6,5e7f05be-280e-48af-a016-bbf175f07daf,https://library.big-bee.net/portal/collections/individual/index.php?occid=72877
72879,UCSB,IZC,,PreservedSpecimen,7d5e5459-c4b8-41f4-b0d5-0e29dcb2169b,UCSB-IZC00042371,,,Animalia,Arthropoda,Insecta,Hymenoptera,Apidae,Apis mellifera,6324,"Linnaeus, 1758",Apis,,mellifera,,,,,Species,R. Behm,2019,,,,,,Nhi Nguyen,,,7/18/2018,,,2018,7,18,199,,18-Jul-16,,,,,,,,,,,,,,,,,Adult,Worker,1,Aerial Net,Pinned,,North America,,,,United States,US,California,Santa Barbara,,Cheadle Center for Biodiversity & Ecological Restoration,,0,,34.4195,-119.8545,WGS84,10,,,,,,,,,,,,,,,raymond01,12/28/2020 12:56,856407,6,1b3cce9c-cd44-4c4c-a5cd-e09c9e6ec367,https://library.big-bee.net/portal/collections/individual/index.php?occid=72879
72948,UCSB,IZC,,PreservedSpecimen,75499c1c-6cfb-4f4e-94b5-87effbe9fb64,UCSB-IZC00038830,,,Animalia,Arthropoda,Insecta,Hymenoptera,Halictidae,Agapostemon subtilior,68885,Cockerell 1898,Agapostemon,,subtilior,,,,,Species,Katja Seltmann,1/24/2025,"European Journal of Taxonomy 958: 203?241 ISSN 2118-9773, https://doi.org/10.5852/ejt.2024.958.2671",,,,,UCSBees,David Dewey,,7/20/2019,,,2019,7,20,201,,7/20/2019,,,,,,,SCIR_05,,,,,,,,,,Adult,Female,1,Pan Trap,Pinned,,North America,,,,United States,US,California,Santa Barbara,,Santa Cruz Island,,0,,34.018889,-119.871111,WGS84,10,,,,GPS,,,,,,,,,,,,2/16/2020 15:58,856523,6,cb3c8094-9869-432b-9f9a-aaa9bcff9a33,https://library.big-bee.net/portal/collections/individual/index.php?occid=72948
72988,UCSB,IZC,,PreservedSpecimen,59e7577d-6570-4812-bb87-1c5bfafed7bc,UCSB-IZC00037252,,,Animalia,Arthropoda,Insecta,Hymenoptera,Halictidae,Agapostemon subtilior,68885,Cockerell 1898,Agapostemon,,subtilior,,,,,Species,Katja Seltmann,1/24/2025,"European Journal of Taxonomy 958: 203?241 ISSN 2118-9773, https://doi.org/10.5852/ejt.2024.958.2671",,,,,UCSBees,,,12/10/2019,,,2019,12,10,344,,12/10/2019,,,,,,,NP_02,,,,,,,,,,Adult,Female,1,Pan Trap,Pinned,,North America,,,,United States,US,California,Santa Barbara,,"UC Santa Barbara, North Parcel Restoration",,0,,34.4235,-119.8815,WGS84,10,,,,GPS,,,,,,,,,,,,2/14/2020 16:38,856561,6,4114d798-17f7-4ce2-acd9-4c08afc02076,https://library.big-bee.net/portal/collections/individual/index.php?occid=72988
73036,UCSB,IZC,,PreservedSpecimen,058cc145-b8a6-417e-a454-8935cd6d5d88,UCSB-IZC00037720,,,Animalia,Arthropoda,Insecta,Hymenoptera,Halictidae,Agapostemon subtilior,68885,Cockerell 1898,Agapostemon,,subtilior,,,,,Species,Katja Seltmann,1/24/2025,"European Journal of Taxonomy 958: 203?241 ISSN 2118-9773, https://doi.org/10.5852/ejt.2024.958.2671",,,,,UCSBees,"Charlie Thrift, Taylor Curtis",,11/17/2019,,,2019,11,17,321,,11/17/2019,,,,,,,NCOS_03,,,,,,,,,,Adult,Female,1,Pan Trap,Pinned,,North America,,,,United States,US,California,Santa Barbara,Goleta,University of California Santa Barbara North Campus Open Space,,0,,34.4183,-119.8776,WGS84,10,,,,GPS,,,,,,,,,,,,12/28/2020 17:08,856607,6,a9f19ad2-085b-4d67-951d-8ad3c3acc82f,https://library.big-bee.net/portal/collections/individual/index.php?occid=73036
73075,UCSB,IZC,,PreservedSpecimen,af2a711e-8384-4163-8b2c-5f475288f991,UCSB-IZC00042456,,,Animalia,Arthropoda,Insecta,Hymenoptera,Halictidae,Agapostemon subtilior,68885,Cockerell 1898,Agapostemon,,subtilior,,,,,Species,Katja Seltmann,1/24/2025,"European Journal of Taxonomy 958: 203?241 ISSN 2118-9773, https://doi.org/10.5852/ejt.2024.958.2671",,,,,UCSBees,"Kipp Callahan, Cris Sandoval",,8/13/2019,,,2019,8,13,225,,8/13/2019,,,,,,,COPR_03,,,,,,,,,,Adult,Female,1,Pan Trap,Pinned,,North America,,,,United States,US,California,Santa Barbara,Goleta,Coal Oil Point Reserve,,0,,34.41276,-119.88231,WGS84,10,,,,GPS,,,,,,,,,,,,12/28/2020 17:06,856648,6,ee2cf395-1d45-4e6e-914b-58d22320c1a8,https://library.big-bee.net/portal/collections/individual/index.php?occid=73075
73099,UCSB,IZC,,PreservedSpecimen,e1ae01a4-cd87-4ca3-9675-09c47e5e3073,UCSB-IZC00042678,,,Animalia,Arthropoda,Insecta,Hymenoptera,Halictidae,Agapostemon subtilior,68885,Cockerell 1898,Agapostemon,,subtilior,,,,,Species,Katja Seltmann,1/24/2025,"European Journal of Taxonomy 958: 203?241 ISSN 2118-9773, https://doi.org/10.5852/ejt.2024.958.2671",,,,,UCSBees,"Kipp Callahan, Cris Sandoval",,11/12/2019,,,2019,11,12,316,,11/12/2019,,,,,,,COPR_03,,,,,,,,,,Adult,Female,1,Pan Trap,Pinned,,North America,,,,United States,US,California,Santa Barbara,Goleta,Coal Oil Point Reserve,,0,,34.41276,-119.88231,WGS84,10,,,,GPS,,,,,,,,,,,,12/28/2020 17:06,856672,6,879cf496-d242-4bcb-a7e9-a9ae65517266,https://library.big-bee.net/portal/collections/individual/index.php?occid=73099
73103,UCSB,IZC,,PreservedSpecimen,afde3deb-6276-4240-92b8-8c9d1c815bf3,UCSB-IZC00038548,,,Animalia,Arthropoda,Insecta,Hymenoptera,Apidae,Apis mellifera,6324,"Linnaeus, 1758",Apis,,mellifera,,,,,Species,Katja Seltmann,2/17/2020,,,,,,UCSBees,Chris Berry,,12/12/2019,,,2019,12,12,346,,12/12/2019,,,,,,,Lagoon_03,,,,,,,,,,Adult,Female,1,Pan Trap,Pinned,,North America,,,,United States,US,California,Santa Barbara,,"University of California, Santa Barbara Lagoon",,0,,34.407967,-119.848322,WGS84,10,,,,GPS,,,,,,,,,,,,2/17/2020 16:54,856676,6,84e54ceb-c09c-4666-a226-7b76230b8bc6,https://library.big-bee.net/portal/collections/individual/index.php?occid=73103
73196,UCSB,IZC,,PreservedSpecimen,83af4a74-683f-494f-88c7-ef900dbec87d,UCSB-IZC00038762,,,Animalia,Arthropoda,Insecta,Hymenoptera,Apidae,Diadasia bituberculata,9434,"(Cresson, 1878)",Diadasia,,bituberculata,,,,,Species,Jamie Pawelek,2022,,,,,,UCSBees,Charlie Thrift,,6/12/2019,,,2019,6,12,163,,6/12/2019,,,,,,,NCOS_05,,,,,,,,,,Adult,Female,1,Pan Trap,Pinned,,North America,,,,United States,US,California,Santa Barbara,Goleta,University of California Santa Barbara North Campus Open Space,,0,,34.4189,-119.8799,WGS84,10,,,,GPS,,,,,,,,,,,,12/28/2020 17:08,856800,6,64798968-de02-472e-882f-739a0bd9222d,https://library.big-bee.net/portal/collections/individual/index.php?occid=73196
73200,UCSB,IZC,,PreservedSpecimen,ed24d22a-a3d1-4191-961e-2d8ce8f016f9,UCSB-IZC00042465,,,Animalia,Arthropoda,Insecta,Hymenoptera,Halictidae,Agapostemon subtilior,68885,Cockerell 1898,Agapostemon,,subtilior,,,,,Species,Katja Seltmann,1/24/2025,"European Journal of Taxonomy 958: 203?241 ISSN 2118-9773, https://doi.org/10.5852/ejt.2024.958.2671",,,,,UCSBees,Charlie Thrift,,6/12/2019,,,2019,6,12,163,,6/12/2019,,,,,,,NCOS_07a,,,,,,,,,,Adult,Female,1,Pan Trap,Pinned,,North America,,,,United States,US,California,Santa Barbara,Goleta,University of California Santa Barbara North Campus Open Space,,0,,34.4197,-119.8818,WGS84,10,,,,GPS,,,,,,,,,,,,12/28/2020 17:08,856804,6,2fccab56-3c43-46d9-a009-d1d43e94654d,https://library.big-bee.net/portal/collections/individual/index.php?occid=73200
73209,UCSB,IZC,,PreservedSpecimen,6b8d3106-0cda-4e33-8518-0fa094c604bf,UCSB-IZC00042463,,,Animalia,Arthropoda,Insecta,Hymenoptera,Apidae,Apis mellifera,6324,"Linnaeus, 1758",Apis,,mellifera,,,,,Species,Katja Seltmann,3/2/2020,,,,,,UCSBees,"Charlie Thrift, Taylor Curtis",,10/10/2019,,,2019,10,10,283,,10/10/2019,,,,,,,NCOS_04,,,,,,,,,,Adult,Female,1,Pan Trap,Pinned,,North America,,,,United States,US,California,Santa Barbara,Goleta,University of California Santa Barbara North Campus Open Space,,0,,34.4191,-119.8766,WGS84,10,,,,GPS,,,,,,,,,,,,12/28/2020 17:08,856813,6,26cb5842-a679-469c-9191-73e50360ac15,https://library.big-bee.net/portal/collections/individual/index.php?occid=73209
73224,UCSB,IZC,,PreservedSpecimen,52da66c6-8130-4632-8ef5-b512cddf1ba4,UCSB-IZC00042691,,,Animalia,Arthropoda,Insecta,Hymenoptera,Apidae,Apis mellifera,6324,"Linnaeus, 1758",Apis,,mellifera,,,,,Species,Katja Seltmann,3/2/2020,,,,,,UCSBees,"Charlie Thrift, Taylor Curtis",,6/12/2019,,,2019,6,12,163,,6/12/2019,,,,,,,NCOS_07b,,,,,,,,,,Adult,Female,1,Pan Trap,Pinned,,North America,,,,United States,US,California,Santa Barbara,Goleta,University of California Santa Barbara North Campus Open Space,,0,,34.4188,-119.8807,WGS84,10,,,,GPS,,,,,,,,,,,,12/28/2020 17:11,856828,6,9b2fc8eb-3ad8-4984-890d-23adffbd2b3e,https://library.big-bee.net/portal/collections/individual/index.php?occid=73224
73362,UCSB,IZC,,PreservedSpecimen,de9f1d2d-e94f-4390-8d94-454cb7c1516c,UCSB-IZC00036565,,,Animalia,Arthropoda,Insecta,Hymenoptera,Apidae,Apis mellifera,6324,"Linnaeus, 1758",Apis,,mellifera,,,,,Species,Katja Seltmann,3/6/2020,,,,,,UCSBees,Evan Hobson,,11/19/2019,,,2019,11,19,323,,11/19/2019,,,,,,,SCR_06,,,,,,,,,,Adult,Female,1,Pan Trap,Pinned,,North America,,,,United States,US,California,Ventura,,Santa Clara River,,0,,34.355015,-119.014507,WGS84,10,,,,GPS,,,,,,,,,,,,12/15/2020 15:17,856970,6,aa1c3c5e-99da-44e6-82cf-7a4c46a0cab5,https://library.big-bee.net/portal/collections/individual/index.php?occid=73362
73407,UCSB,IZC,,PreservedSpecimen,c115f81f-ed2c-48bb-b6b5-f8c04df399a4,UCSB-IZC00040410,,,Animalia,Arthropoda,Insecta,Hymenoptera,Apidae,Apis mellifera,6324,"Linnaeus, 1758",Apis,,mellifera,,,,,Species,Katja Seltmann,3/12/2020,,,,,,UCSBees,Evan Hobson,,11/19/2019,,,2019,11,19,323,,11/19/2019,,,,,,,SCR_03,,,,,,,,,,Adult,Female,1,Pan Trap,Pinned,,North America,,,,United States,US,California,Ventura,,Santa Clara River,,0,,34.389062,-118.889657,WGS84,10,,,,GPS,,,,,,,,,,,,12/15/2020 15:17,856992,6,fa9d6f35-a93f-4a8d-8368-d5da676f13f8,https://library.big-bee.net/portal/collections/individual/index.php?occid=73407
73445,UCSB,IZC,,PreservedSpecimen,de04a87b-a5bf-4245-b75b-2eaafed4678d,UCSB-IZC00041836,,,Animalia,Arthropoda,Insecta,Hymenoptera,Halictidae,Agapostemon subtilior,68885,Cockerell 1898,Agapostemon,,subtilior,,,,,Species,Katja Seltmann,1/24/2025,"European Journal of Taxonomy 958: 203?241 ISSN 2118-9773, https://doi.org/10.5852/ejt.2024.958.2671",,,,,UCSBees,Evan Hobson,,8/14/2019,,,2019,8,14,226,,8/14/2019,,,,,,,SCR_04,,,,,,,,,,Adult,Female,1,Pan Trap,Pinned,,North America,,,,United States,US,California,Ventura,,Santa Clara River,,0,,34.388092,-118.88953,WGS84,10,,,,GPS,,,,,,,,,,,,3/17/2020 12:53,857033,6,00f9e3c1-bc8c-4242-b82d-8afce5c4aa58,https://library.big-bee.net/portal/collections/individual/index.php?occid=73445
73490,UCSB,IZC,,PreservedSpecimen,0b4e937d-19f8-41ea-85d3-b3b0073612fd,UCSB-IZC00040311,,,Animalia,Arthropoda,Insecta,Hymenoptera,Halictidae,Halictus farinosus,11149,"Smith, 1853",Halictus,,farinosus,,,,,Species,Douglas Yanega,2022,,,,,,UCSBees,David Dewey,,7/18/2019,,,2019,7,18,199,,7/18/2019,,,,,,,SCIR_03,,,,,,,,,,Adult,Female,1,Pan Trap,Pinned,,North America,,,,United States,US,California,Santa Barbara,,"Santa Cruz Island, main ranch chapel yard",,0,,33.997278,-119.714056,WGS84,10,,,,GPS,,,,,,,,,,,,3/17/2020 12:53,857081,6,193922d7-bf58-47ce-b954-402914a63d15,https://library.big-bee.net/portal/collections/individual/index.php?occid=73490
73491,UCSB,IZC,,PreservedSpecimen,3e1e3777-d7e8-4450-ab58-4ecf214ba402,UCSB-IZC00042935,,,Animalia,Arthropoda,Insecta,Hymenoptera,Halictidae,Halictus farinosus,11149,"Smith, 1853",Halictus,,farinosus,,,,,Species,Douglas Yanega,2022,,,,,,UCSBees,David Dewey,,7/18/2019,,,2019,7,18,199,,7/18/2019,,,,,,,SCIR_03,,,,,,,,,,Adult,Female,1,Pan Trap,Pinned,,North America,,,,United States,US,California,Santa Barbara,,"Santa Cruz Island, main ranch chapel yard",,0,,33.997278,-119.714056,WGS84,10,,,,GPS,,,,,,,,,,,,3/17/2020 12:53,857082,6,086dddbb-e934-4710-94b3-9e90146c802a,https://library.big-bee.net/portal/collections/individual/index.php?occid=73491
73588,UCSB,IZC,,PreservedSpecimen,766ff3ff-4337-456e-9e24-165ef8ffd9fa,UCSB-IZC00042265,,,Animalia,Arthropoda,Insecta,Hymenoptera,Halictidae,Agapostemon subtilior,68885,Cockerell 1898,Agapostemon,,subtilior,,,,,Species,Katja Seltmann,1/24/2025,"European Journal of Taxonomy 958: 203?241 ISSN 2118-9773, https://doi.org/10.5852/ejt.2024.958.2671",,,,,UCSBees,"David Dewey, Lynn McLaren, Andy Brooks",,8/15/2019,,,2019,8,15,227,,8/15/2019,,,,,,,CSMR_03,,,,,,,,,,Adult,Female,1,Pan Trap,Pinned,,North America,,,,United States,US,California,Santa Barbara,Carpentaria,Carpinteria Salt Marsh Reserve,,0,,34.39822,-119.5304,WGS84,10,,,,GPS,,,,,,,,,,,,12/28/2020 17:13,857179,6,de588009-57e8-48ab-b055-d0b4ce187bbd,https://library.big-bee.net/portal/collections/individual/index.php?occid=73588
73669,UCSB,IZC,,PreservedSpecimen,c4b7e878-b7fb-45c2-89ac-2912c2bdbe3e,UCSB-IZC00042970,,,Animalia,Arthropoda,Insecta,Hymenoptera,Apidae,Bombus californicus,6788,"Smith, 1854",Bombus,,californicus,,,,,Species,Jamie Pawelek,2022,,,,,,UCSBees,,,7/16/2019,,,2019,7,16,197,,7/16/2019,,,,,,,COPR_06,,,,,,,,,,Adult,Worker,1,Pan Trap,Pinned,,North America,,,,United States,US,California,Santa Barbara,Goleta,Coal Oil Point Reserve,,0,,34.4087,-119.87859,WGS84,10,,,,GPS,,,,,,,,,,,,12/28/2020 17:06,857261,6,e93df013-cb53-4b1f-947a-96b8bcc37f01,https://library.big-bee.net/portal/collections/individual/index.php?occid=73669
73727,UCSB,IZC,,PreservedSpecimen,95d175e7-542f-407c-a997-11ab3365ec16,UCSB-IZC00033241,,,Animalia,Arthropoda,Insecta,Hymenoptera,Apidae,Apis mellifera,6324,"Linnaeus, 1758",Apis,,mellifera,,,,,Species,Katja Seltmann,11/17/2020,,,,,,Komal Sekhon,UCSB EEMB 118 Class,,7/16/2019,,,2019,7,16,197,,16-Jul-19,,,,,,,,,,,,,Brassica juncea,,,,,Female,,Aerial trap,Pinned,,North America,,,,United States,US,California,Ventura,,Santa Clara River,GPS Phone,0,,34.3629615,-118.996464,WGS84,,,,,,,,,,,,,,,,seltmann,1/8/2021 12:33,857343,6,7bfbf399-1122-4129-9609-a972e175e79b,https://library.big-bee.net/portal/collections/individual/index.php?occid=73727
73789,UCSB,IZC,,PreservedSpecimen,4d0eadab-2500-4aa3-a8b5-6c0d9b079836,UCSB-IZC00036757,,,Animalia,Arthropoda,Insecta,Hymenoptera,Halictidae,Agapostemon subtilior,68885,Cockerell 1898,Agapostemon,,subtilior,,,,,Species,Katja Seltmann,1/24/2025,"European Journal of Taxonomy 958: 203?241 ISSN 2118-9773, https://doi.org/10.5852/ejt.2024.958.2671",,,,,UCSBees,David Dewey,,10/26/2019,,,2019,10,26,299,,10/26/2019,,,,,,,SCIR_06,,,,,,,,,,Adult,Female,1,Pan Trap,Pinned,,North America,,,,United States,US,California,Santa Barbara,,"Santa Cruz Island, Christy Beach",,0,,34.0225,-119.876667,WGS84,10,,,,GPS,,,,,,,,,,,,12/15/2020 15:17,857460,6,e0d96a5c-211f-4dd0-bdaa-219f649e9138,https://library.big-bee.net/portal/collections/individual/index.php?occid=73789
73796,UCSB,IZC,,PreservedSpecimen,32b51a47-a235-42b8-8961-6fd4b8743e10,UCSB-IZC00036766,,,Animalia,Arthropoda,Insecta,Hymenoptera,Halictidae,Agapostemon subtilior,68885,Cockerell 1898,Agapostemon,,subtilior,,,,,Species,Katja Seltmann,1/24/2025,"European Journal of Taxonomy 958: 203?241 ISSN 2118-9773, https://doi.org/10.5852/ejt.2024.958.2671",,,,,UCSBees,David Dewey,,10/26/2019,,,2019,10,26,299,,10/26/2019,,,,,,,SCIR_05,,,,,,,,,,Adult,Female,1,Pan Trap,Pinned,,North America,,,,United States,US,California,Santa Barbara,,"Santa Cruz Island, Christy Ranch",,0,,34.018889,-119.871111,WGS84,10,,,,GPS,,,,,,,,,,,,12/15/2020 15:17,857467,6,8642a26a-118c-4152-8527-7ba56624e350,https://library.big-bee.net/portal/collections/individual/index.php?occid=73796
73801,UCSB,IZC,,PreservedSpecimen,06089369-d7a8-44bb-8762-6eb025862057,UCSB-IZC00036773,,,Animalia,Arthropoda,Insecta,Hymenoptera,Halictidae,Halictus farinosus,11149,"Smith, 1853",Halictus,,farinosus,,,,,Species,Katja Seltmann,1/21/2021,Discover Life,,,,,UCSBees,David Dewey,,7/19/2019,,,2019,7,19,200,,7/19/2019,,,,,,,SCIR_04,,,,,,,,,,Adult,Female,1,Pan Trap,Pinned,,North America,,,,United States,US,California,Santa Barbara,,Santa Cruz Island,,0,,33.991056,-119.719278,WGS84,10,,,,GPS,,,,,,,,,,,,1/28/2021 15:30,857472,6,00fd4cfb-be46-4095-a664-ac7866aa4499,https://library.big-bee.net/portal/collections/individual/index.php?occid=73801
73803,UCSB,IZC,,PreservedSpecimen,d50162b7-84e4-48a7-8b5b-5b7ff802955d,UCSB-IZC00036776,,,Animalia,Arthropoda,Insecta,Hymenoptera,Apidae,Bombus vosnesenskii,7022,"Radoszkowski, 1862",Bombus,,vosnesenskii,,,,,Species,Jamie Pawelek,2022,,,,,,UCSBees,David Dewey,,7/19/2019,,,2019,7,19,200,,7/19/2019,,,,,,,SCIR_04,,,,,,,,,,Adult,Worker,1,Pan Trap,Pinned,,North America,,,,United States,US,California,Santa Barbara,,Santa Cruz Island,,0,,33.991056,-119.719278,WGS84,10,,,,GPS,,,,,,,,,,,,12/15/2020 15:17,857474,6,d58cb3a4-c334-42ca-a3c6-0b38943509f0,https://library.big-bee.net/portal/collections/individual/index.php?occid=73803
73966,UCSB,IZC,,PreservedSpecimen,0d27a25f-f639-41dd-9329-76aef6c4b69c,UCSB-IZC00040988,,,Animalia,Arthropoda,Insecta,Hymenoptera,Apidae,Apis mellifera,6324,"Linnaeus, 1758",Apis,,mellifera,,,,,Species,Katja Seltmann,12/15/2020,,,,,,UCSBees,"David Dewey, Lynn McLaren, Andy Brooks",,7/24/2019,,,2019,7,24,205,,7/24/2019,,,,,,,CSMR_01,,,,,,,,,,Adult,Female,1,Pan Trap,Pinned,,North America,,,,United States,US,California,Santa Barbara,Carpentaria,Carpinteria Salt Marsh Reserve,,0,,34.39848,-119.5358,WGS84,10,,,,GPS,,,,,,,,,,,,12/28/2020 17:13,857638,6,2023c530-f5f2-4aaf-bf66-681c96dda410,https://library.big-bee.net/portal/collections/individual/index.php?occid=73966
74015,UCSB,IZC,,PreservedSpecimen,a241fb60-790c-4e1e-8fc8-420b25a02911,UCSB-IZC00041511,,,Animalia,Arthropoda,Insecta,Hymenoptera,Halictidae,Agapostemon subtilior,68885,Cockerell 1898,Agapostemon,,subtilior,,,,,Species,Katja Seltmann,1/24/2025,"European Journal of Taxonomy 958: 203?241 ISSN 2118-9773, https://doi.org/10.5852/ejt.2024.958.2671",,,,,UCSBees,"David Dewey, Lynn McLaren, Andy Brooks",,7/24/2019,,,2019,7,24,205,,7/24/2019,,,,,,,CSMR_02,,,,,,,,,,Adult,Female,1,Pan Trap,Pinned,,North America,,,,United States,US,California,Santa Barbara,Carpentaria,Carpinteria Salt Marsh Reserve,,0,,34.40114,-119.5304,WGS84,10,,,,GPS,,,,,,,,,,,,12/28/2020 17:13,857687,6,3698f472-8693-4852-9b8f-beac30e7ef42,https://library.big-bee.net/portal/collections/individual/index.php?occid=74015
74110,UCSB,IZC,,PreservedSpecimen,3b6c4205-fe83-4fd5-b6b4-41cb06f7068d,UCSB-IZC00038796,,,Animalia,Arthropoda,Insecta,Hymenoptera,Apidae,Diadasia bituberculata,9434,"(Cresson, 1878)",Diadasia,,bituberculata,,,,,Species,Jamie Pawelek,2022,,,,,,"Evan Hobson, Chris Berry",,,5/14/2019,,,2019,5,14,134,,5/14/2019,,,,,,,Lagoon_02,,,,,,,,,,Adult,Female,1,Pan Trap,Pinned,,North America,,,,United States,US,California,Santa Barbara,,"University of California, Santa Barbara Lagoon",,0,,34.40677,-119.84716,WGS84,10,,,,GPS,,,,,,,,,,,,12/28/2020 16:51,857812,6,a5fb6b5b-279e-4935-8ca4-54a5c47893f6,https://library.big-bee.net/portal/collections/individual/index.php?occid=74110
74120,UCSB,IZC,,PreservedSpecimen,17e8dcf9-fba9-4e16-869c-97c467bb9b67,UCSB-IZC00037255,,,Animalia,Arthropoda,Insecta,Hymenoptera,Apidae,Diadasia bituberculata,9434,"(Cresson, 1878)",Diadasia,,bituberculata,,,,,Species,Jamie Pawelek,2022,,,,,,"Evan Hobson, Chris Berry",,,5/14/2019,,,2019,5,14,134,,5/14/2019,,,,,,,Lagoon_02,,,,,,,,,,Adult,Female,1,Pan Trap,Pinned,,North America,,,,United States,US,California,Santa Barbara,,"University of California, Santa Barbara Lagoon",,0,,34.40677,-119.84716,WGS84,10,,,,GPS,,,,,,,,,,,,12/28/2020 16:51,857822,6,c215c094-b414-4aad-b985-ef2178301681,https://library.big-bee.net/portal/collections/individual/index.php?occid=74120
74205,UCSB,IZC,,PreservedSpecimen,0dd7389e-c4c3-44d2-a9a0-bb33c9859ec4,UCSB-IZC00042293,,,Animalia,Arthropoda,Insecta,Hymenoptera,Apidae,Apis mellifera,6324,"Linnaeus, 1758",Apis,,mellifera,,,,,Species,Charlie Thrift,19-Nov-20,,,,,,"Kipp Callahan, Cris Sandoval",,,8/16/2019,,,2019,8,16,228,,8/16/2019,,,,,,,COPR_04,,,,,,,,,,Adult,Female,1,Pan Trap,Pinned,,,,,,United States,,California,Santa Barbara,Goleta,Coal Oil Point Reserve,,0,,34.41491,-119.8802,WGS84,10,,,,GPS,,,,,,,,,,,,12/28/2020 17:06,229119,6,3f85f24e-882b-4138-b551-685a0030a9c4,https://library.big-bee.net/portal/collections/individual/index.php?occid=74205
74209,UCSB,IZC,,PreservedSpecimen,f084d6ba-a81c-4188-a69e-75edc16be669,UCSB-IZC00042308,,,Animalia,Arthropoda,Insecta,Hymenoptera,Halictidae,Agapostemon subtilior,68885,Cockerell 1898,Agapostemon,,subtilior,,,,,Species,Katja Seltmann,1/24/2025,"European Journal of Taxonomy 958: 203?241 ISSN 2118-9773, https://doi.org/10.5852/ejt.2024.958.2671",,,,,"Kipp Callahan, Cristina Sandoval",,,8/16/2019,,,2019,8,16,228,,8/16/2019,,,,,,,COPR_04,,,,,,,,,,Adult,Female,1,Pan Trap,Pinned,,North America,,,,United States,US,California,Santa Barbara,Goleta,Coal Oil Point Reserve,,0,,34.41491,-119.8802,WGS84,10,,,,GPS,,,,,,,,,,,,12/28/2020 17:06,857907,6,3bd5866f-5a36-49a7-b3c2-38e8bf1db64a,https://library.big-bee.net/portal/collections/individual/index.php?occid=74209
74276,UCSB,IZC,,PreservedSpecimen,4fd827c1-ae2d-4a7d-b03e-ef7a9b9f8d3b,UCSB-IZC00037222,,,Animalia,Arthropoda,Insecta,Hymenoptera,Apidae,Apis mellifera,6324,"Linnaeus, 1758",Apis,,mellifera,,,,,Species,Charlie Thrift,24-Nov-20,,,,,,,"David Dewey, Lynn McLaren, Andy Brooks",,8/15/2019,,,2019,8,15,227,,8/15/2019,,,,,,,CSMR_02,,,,,,,,,,Adult,Female,1,Pan Trap,Pinned,,North America,,,,United States,US,California,Santa Barbara,Carpentaria,Carpinteria Salt Marsh Reserve,,0,,34.40114,-119.5304,WGS84,10,,,,GPS,,,,,,,,,,,,12/28/2020 17:13,857974,6,c49bad8a-75dd-43b9-a198-740b55c46ba4,https://library.big-bee.net/portal/collections/individual/index.php?occid=74276
74366,UCSB,IZC,,PreservedSpecimen,604a46b3-6a63-4ed8-b771-2cad11960356,UCSB-IZC00042313,,,Animalia,Arthropoda,Insecta,Hymenoptera,Apidae,Bombus vosnesenskii,7022,"Radoszkowski, 1862",Bombus,,vosnesenskii,,,,,Species,Jamie Pawelek,2022,,,,,,David Dewey,,,8/5/2019,,,2019,8,5,217,,8/5/2019,Christy ranch area,,,,,,,,,,,,Opuntia litloralis,,,,Adult,Worker,1,Hand,Pinned,,North America,,,,United States,US,California,Santa Barbara,,"Santa Cruz Island, Christy ranch area",,0,,34.0113,-119.523,WGS84,,,,,GPS,,,,,,,,,,,,2/26/2021 12:46,858064,6,6d4a1dab-59b9-4649-9895-99ab5484c4f7,https://library.big-bee.net/portal/collections/individual/index.php?occid=74366
74487,UCSB,IZC,,PreservedSpecimen,c032e17c-bfb6-43ec-9c24-e947361ecc1d,UCSB-IZC00041916,,,Animalia,Arthropoda,Insecta,Hymenoptera,Apidae,Diadasia bituberculata,9434,"(Cresson, 1878)",Diadasia,,bituberculata,,,,,Species,Jamie Pawelek,2022,,,,,,Catherine Reilly,,,7/10/2019,,,2019,7,10,191,,7/10/2019,,,,,,,NP_01,,,,,,,,,,Adult,Female,1,Pan Trap,Pinned,,North America,,,,United States,US,California,Santa Barbara,,"UC Santa Barbara, North Parcel Restoration",,0,,34.4226,-119.8815,WGS84,,,,,GPS,,,,,,,,,,,,1/26/2021 13:19,858162,6,9fe84f7f-17fe-4893-be1e-a028407b08cb,https://library.big-bee.net/portal/collections/individual/index.php?occid=74487
74561,UCSB,IZC,,PreservedSpecimen,f49ed4ea-4fb1-41c1-a7fb-3ab668e19a75,UCSB-IZC00041667,,,Animalia,Arthropoda,Insecta,Hymenoptera,Apidae,Bombus californicus,6788,"Smith, 1854",Bombus,,californicus,,,,,Species,Jamie Pawelek,2022,,,,,,Evan Hobson,,,8/19/2019,,,2019,8,19,231,,8/19/2019,,,,,,,SCR_03,,,,,,,,,,Adult,Worker,1,Pan Trap,Pinned,,North America,,,,United States,US,California,Ventura,,Santa Clara River,,0,,34.389062,-118.889657,WGS84,,,,,GPS,,,,,,,,,,,,12/28/2020 16:54,858236,6,260a66ba-8efe-48dd-9402-1f912db33c7d,https://library.big-bee.net/portal/collections/individual/index.php?occid=74561
74884,UCSB,IZC,,PreservedSpecimen,0b6107ea-57d3-4045-90ca-ca65a5ecc3cc,UCSB-IZC00041034,,,Animalia,Arthropoda,Insecta,Hymenoptera,Halictidae,Agapostemon subtilior,68885,Cockerell 1898,Agapostemon,,subtilior,,,,,Species,Katja Seltmann,1/24/2025,"European Journal of Taxonomy 958: 203?241 ISSN 2118-9773, https://doi.org/10.5852/ejt.2024.958.2671",,,,,Evan Hobson,,,4/20/2020,,,2020,4,20,111,,4/20/2020,,,,,,,SCR_03,,,,,,,,,,Adult,Female,1,Pan Trap,Pinned,,North America,,,,United States,US,California,Ventura,,Santa Clara River,,0,,34.389062,-118.889657,WGS84,,,,,GPS,,,,,,,,,,,,2/10/2021 16:51,858584,6,e249ebb2-adfa-4168-9986-f5b7806b62df,https://library.big-bee.net/portal/collections/individual/index.php?occid=74884
74885,UCSB,IZC,,PreservedSpecimen,12a5da2f-b49c-4506-9c4b-8bbec20e75ff,UCSB-IZC00039879,,,Animalia,Arthropoda,Insecta,Hymenoptera,Halictidae,Agapostemon subtilior,68885,Cockerell 1898,Agapostemon,,subtilior,,,,,Species,Katja Seltmann,1/24/2025,"European Journal of Taxonomy 958: 203?241 ISSN 2118-9773, https://doi.org/10.5852/ejt.2024.958.2671",,,,,Evan Hobson,,,4/20/2020,,,2020,4,20,111,,4/20/2020,,,,,,,SCR_03,,,,,,,,,,Adult,Female,1,Pan Trap,Pinned,,North America,,,,United States,US,California,Ventura,,Santa Clara River,,0,,34.389062,-118.889657,WGS84,,,,,GPS,,,,,,,,,,,,2/10/2021 16:51,858585,6,7646a387-e465-4220-8950-c58d0e13230b,https://library.big-bee.net/portal/collections/individual/index.php?occid=74885
74904,UCSB,IZC,,PreservedSpecimen,8490d060-5e85-42ab-af66-6828012b5214,UCSB-IZC00041521,,,Animalia,Arthropoda,Insecta,Hymenoptera,Halictidae,Agapostemon subtilior,68885,Cockerell 1898,Agapostemon,,subtilior,,,,,Species,Katja Seltmann,1/24/2025,"European Journal of Taxonomy 958: 203?241 ISSN 2118-9773, https://doi.org/10.5852/ejt.2024.958.2671",,,,,Evan Hobson,,,3/19/2020,,,2020,3,19,79,,3/19/2020,"Cold AM, Partly Cloudy",,,,,,SCR_01,,,,,,,,,,Adult,Female,1,Pan Trap,Pinned,,North America,,,,United States,US,California,Ventura,,Santa Clara River,,0,,34.363911,-118.999505,WGS84,,,,,GPS,,,,,,,,,,,,2/10/2021 16:51,858604,6,7df0f47a-d5ef-4139-b867-bd157dd642db,https://library.big-bee.net/portal/collections/individual/index.php?occid=74904
74913,UCSB,IZC,,PreservedSpecimen,a891f8b3-97e4-4c67-b1f8-3d3b15e545f6,UCSB-IZC00041517,,,Animalia,Arthropoda,Insecta,Hymenoptera,Halictidae,Agapostemon subtilior,68885,Cockerell 1898,Agapostemon,,subtilior,,,,,Species,Katja Seltmann,1/24/2025,"European Journal of Taxonomy 958: 203?241 ISSN 2118-9773, https://doi.org/10.5852/ejt.2024.958.2671",,,,,Evan Hobson,,,7/16/2020,,,2020,7,16,198,,7/16/2020,,,,,,,SCR_04,,,,,,,,,,Adult,Female,1,Pan Trap,Pinned,,North America,,,,United States,US,California,Ventura,,Santa Clara River,,0,,34.388092,-118.88953,WGS84,,,,,GPS,,,,,,,,,,,,2/10/2021 16:51,858614,6,838f2e23-8c01-44bf-9d56-6bb456772762,https://library.big-bee.net/portal/collections/individual/index.php?occid=74913
74914,UCSB,IZC,,PreservedSpecimen,e6a5b0ac-c264-4291-9d77-b3aead14809c,UCSB-IZC00041462,,,Animalia,Arthropoda,Insecta,Hymenoptera,Halictidae,Agapostemon subtilior,68885,Cockerell 1898,Agapostemon,,subtilior,,,,,Species,Katja Seltmann,1/24/2025,"European Journal of Taxonomy 958: 203?241 ISSN 2118-9773, https://doi.org/10.5852/ejt.2024.958.2671",,,,,Evan Hobson,,,7/16/2020,,,2020,7,16,198,,7/16/2020,,,,,,,SCR_04,,,,,,,,,,Adult,Female,1,Pan Trap,Pinned,,North America,,,,United States,US,California,Ventura,,Santa Clara River,,0,,34.388092,-118.88953,WGS84,,,,,GPS,,,,,,,,,,,,2/10/2021 16:51,858615,6,f5b8e898-8dde-4ba3-b988-7710c3e43fed,https://library.big-bee.net/portal/collections/individual/index.php?occid=74914
74982,UCSB,IZC,,PreservedSpecimen,9e76a251-6c4b-488c-bd8d-f346f0d80ea4,UCSB-IZC00040844,,,Animalia,Arthropoda,Insecta,Hymenoptera,Halictidae,Agapostemon subtilior,68885,Cockerell 1898,Agapostemon,,subtilior,,,,,Species,Katja Seltmann,1/24/2025,"European Journal of Taxonomy 958: 203?241 ISSN 2118-9773, https://doi.org/10.5852/ejt.2024.958.2671",,,,,Evan Hobson,,,4/20/2020,,,2020,4,20,111,,4/20/2020,,,,,,,SCR_01,,,,,,,,,,Adult,Female,1,Pan Trap,Pinned,,North America,,,,United States,US,California,Ventura,,Santa Clara River,,0,,34.363911,-118.999505,WGS84,,,,,GPS,,,,,,,,,,,,2/10/2021 16:51,858707,6,ead93c4e-6083-406d-8036-ad8322a709ec,https://library.big-bee.net/portal/collections/individual/index.php?occid=74982
74994,UCSB,IZC,,PreservedSpecimen,ac359433-da5e-4338-aa47-f44f0d6f03a6,UCSB-IZC00040751,,,Animalia,Arthropoda,Insecta,Hymenoptera,Halictidae,Agapostemon subtilior,68885,Cockerell 1898,Agapostemon,,subtilior,,,,,Species,Katja Seltmann,1/24/2025,"European Journal of Taxonomy 958: 203?241 ISSN 2118-9773, https://doi.org/10.5852/ejt.2024.958.2671",,,,,Evan Hobson,,,7/16/2020,,,2020,7,16,198,,7/16/2020,,,,,,,SCR_03,,,,,,,,,,Adult,Female,1,Pan Trap,Pinned,,North America,,,,United States,US,California,Ventura,,Santa Clara River,,0,,34.389062,-118.889657,WGS84,,,,,GPS,,,,,,,,,,,,2/10/2021 16:51,858719,6,460e6409-d3b1-4e5f-98b9-64fa620ceb21,https://library.big-bee.net/portal/collections/individual/index.php?occid=74994
75051,UCSB,IZC,,PreservedSpecimen,b3051d07-7e26-4c46-b095-19c9702ba4ac,UCSB-IZC00040910,,,Animalia,Arthropoda,Insecta,Hymenoptera,Apidae,Apis mellifera,6324,"Linnaeus, 1758",Apis,,mellifera,,,,,Species,Charlie Thrift,21-Jan-21,,,,,,Evan Hobson,,,3/18/2020,,,2020,3,18,78,,3/18/2020,,,,,,,SCR_07,,,,,,,,,,Adult,Female,1,Pan Trap,Pinned,,North America,,,,United States,US,California,Ventura,,Santa Clara River,,0,,34.390363,-118.89511,WGS84,,,,,GPS,,,,,,,,,,,,2/10/2021 16:51,858796,6,f74f5223-5990-402c-9b48-0b46cd4e67e2,https://library.big-bee.net/portal/collections/individual/index.php?occid=75051
75091,UCSB,IZC,,PreservedSpecimen,ff8d5fed-27d5-4ca7-a726-304488a7f4de,UCSB-IZC00040929,,,Animalia,Arthropoda,Insecta,Hymenoptera,Apidae,Diadasia bituberculata,9434,"(Cresson, 1878)",Diadasia,,bituberculata,,,,,Species,Jamie Pawelek,2022,,,,,,Evan Hobson,,,6/17/2020,,,2020,6,17,169,,6/17/2020,,,,,,,SCR_03,,,,,,,,,,Adult,Female,1,Pan Trap,Pinned,,North America,,,,United States,US,California,Ventura,,Santa Clara River,,0,,34.389062,-118.889657,WGS84,,,,,GPS,,,,,,,,,,,,2/10/2021 16:51,858839,6,120da252-ccd8-47a1-8172-186bf8fbd796,https://library.big-bee.net/portal/collections/individual/index.php?occid=75091
75386,UCSB,IZC,,PreservedSpecimen,6e6a8c4d-9617-447f-99bd-067ae474fb0c,UCSB-IZC00043584,,,Animalia,Arthropoda,Insecta,Hymenoptera,Apidae,Eucera actuosa,9990,"(Cresson, 1878)",Eucera,,actuosa,,,,,Species,Jamie Pawelek,2022,,,,,,David Dewey,,,4/30/2020,,,2020,4,30,121,,4/30/2020,,,,,,,SCIR_06,,,,,,,,,,Adult,Female,1,Pan Trap,Pinned,,North America,,,,United States,US,California,Santa Barbara,,"Santa Cruz Island, Christy Beach",,0,,34.0225,-119.876667,WGS84,10,,,,GPS,,,,,,,,,,,,10/23/2021 13:57,859882,6,0a7a3891-3b45-42a6-8931-7de5f8c4ed67,https://library.big-bee.net/portal/collections/individual/index.php?occid=75386
75388,UCSB,IZC,,PreservedSpecimen,f79c240d-fb04-4ac1-a7e5-a9f293ad6928,UCSB-IZC00043598,,,Animalia,Arthropoda,Insecta,Hymenoptera,Andrenidae,Andrena oenotherae,4972,"Timberlake, 1937",Andrena,,oenotherae,,,,,Species,Katja Seltmann,2021,,,,,,David Dewey,,,4/30/2020,,,2020,4,30,121,,4/30/2020,,,,,,,SCIR_06,,,,,,,,,,Adult,Female,1,Pan Trap,Pinned,,North America,,,,United States,US,California,Santa Barbara,,"Santa Cruz Island, Christy Beach",,0,,34.0225,-119.876667,WGS84,10,,,,GPS,,,,,,,,,,,,10/23/2021 13:57,859884,6,214deb04-b534-4a56-bfa2-2ed97bd40ae1,https://library.big-bee.net/portal/collections/individual/index.php?occid=75388
75389,UCSB,IZC,,PreservedSpecimen,615d9a6d-9155-49e3-9701-886074ec8b0e,UCSB-IZC00043591,,,Animalia,Arthropoda,Insecta,Hymenoptera,Andrenidae,Andrena oenotherae,4972,"Timberlake, 1937",Andrena,,oenotherae,,,,,Species,Katja Seltmann,2021,,,,,,David Dewey,,,4/30/2020,,,2020,4,30,121,,4/30/2020,,,,,,,SCIR_06,,,,,,,,,,Adult,Female,1,Pan Trap,Pinned,,North America,,,,United States,US,California,Santa Barbara,,"Santa Cruz Island, Christy Beach",,0,,34.0225,-119.876667,WGS84,10,,,,GPS,,,,,,,,,,,,10/23/2021 13:57,859885,6,c56a6aef-c04f-45e7-818b-774d6ad3e731,https://library.big-bee.net/portal/collections/individual/index.php?occid=75389
75390,UCSB,IZC,,PreservedSpecimen,3a4afcb4-3024-4385-8451-02a82513272b,UCSB-IZC00043585,,,Animalia,Arthropoda,Insecta,Hymenoptera,Andrenidae,Andrena oenotherae,4972,"Timberlake, 1937",Andrena,,oenotherae,,,,,Species,Katja Seltmann,2021,,,,,,David Dewey,,,4/30/2020,,,2020,4,30,121,,4/30/2020,,,,,,,SCIR_06,,,,,,,,,,Adult,Female,1,Pan Trap,Pinned,,North America,,,,United States,US,California,Santa Barbara,,"Santa Cruz Island, Christy Beach",,0,,34.0225,-119.876667,WGS84,10,,,,GPS,,,,,,,,,,,,10/23/2021 13:57,859886,6,fcc575d1-e1f5-4a75-875e-23e5c1747787,https://library.big-bee.net/portal/collections/individual/index.php?occid=75390
75399,UCSB,IZC,,PreservedSpecimen,3c829abe-e3ff-4585-a64a-cb5f0d615ab7,UCSB-IZC00043427,,,Animalia,Arthropoda,Insecta,Hymenoptera,Halictidae,Agapostemon texanus,3667,"Cresson, 1872",Agapostemon,,texanus,,,,,Species,Katja Seltmann,2021,,,,,,David Dewey,,,4/18/2020,,,2020,4,18,109,,4/18/2020,,,,,,,SCIR_03,,,,,,,,,,Adult,Female,1,Pan Trap,Pinned,,North America,,,,United States,US,California,Santa Barbara,,"Santa Cruz Island, main ranch chapel yard",,0,,33.997278,-119.714056,WGS84,10,,,,GPS,,,,,,,,,,,,10/23/2021 13:57,859895,6,4a703c33-93a5-45a8-ae5e-814de04155cb,https://library.big-bee.net/portal/collections/individual/index.php?occid=75399
75479,UCSB,IZC,,PreservedSpecimen,25c7cf1d-fd8d-4f23-b42b-3b30dddcf6c7,UCSB-IZC00044054,,,Animalia,Arthropoda,Insecta,Hymenoptera,Halictidae,Agapostemon texanus,3667,"Cresson, 1872",Agapostemon,,texanus,,,,,Species,Coby Jolish,2021,,,,,,David Dewey,,,2/17/2020,,,2020,2,17,48,,2/17/2020,,,,,,,SCIR_05,,,,,,,,,,Adult,Female,1,Pan Trap,Pinned,,North America,,,,United States,US,California,Santa Barbara,,"Santa Cruz Island, Christy Ranch",,0,,34.018889,-119.871111,WGS84,10,,,,GPS,,,,,,,,,,,,10/23/2021 13:57,859952,6,4786b49c-6ef1-47ff-b24c-a092ef6e8cb6,https://library.big-bee.net/portal/collections/individual/index.php?occid=75479
2092961,UCSB,IZC,,PreservedSpecimen,3714098a-158f-4e2a-9b4a-f2438f51c107,UCSB-IZC00047053,,,Animalia,Arthropoda,Insecta,Hymenoptera,Apidae,Habropoda depressa,11033,"Fowler, 1899",Habropoda,,depressa,,,,,Species,Katja Seltmann,2021,,,,,,David Dewey,,,2/28/2020,,,2020,2,28,59,,2/28/2020,,,,,,,,,,,,,,,,,Adult,Female,1,Hand,Pinned,,North America,,,,United States,US,California,Santa Barbara,,Santa Cruz Island Pool Surface,,0,,33.995506,-119.715319,WGS84,10,,,,GPS,,,,,,,,,,,,12/27/2021 13:34,860149,6,a9c52e7d-69a9-496c-9fd9-15f7f8464bee,https://library.big-bee.net/portal/collections/individual/index.php?occid=2092961
2093012,UCSB,IZC,,PreservedSpecimen,536f7e9a-828b-48c8-b5f8-4013514dfee5,UCSB-IZC00046949,,,Animalia,Arthropoda,Insecta,Hymenoptera,Halictidae,Agapostemon texanus,3667,"Cresson, 1872",Agapostemon,,texanus,,,,,Species,Charlie Thrift,4-Nov-21,,,,,,David Dewey,,,4/18/2020,,,2020,4,18,109,,4/18/2020,,,,,,,SCIR_02,,,,,,,,,,Adult,Female,1,Pan Trap,Pinned,,North America,,,,United States,US,California,Santa Barbara,,Santa Cruz Island,,0,,33.991972,-119.689278,WGS84,10,,,,GPS,,,,,,,,,,,,11/4/2021 17:17,860200,6,9001ef15-1e01-4155-81d1-67e591791a11,https://library.big-bee.net/portal/collections/individual/index.php?occid=2093012
2093143,UCSB,IZC,,PreservedSpecimen,0447c1dd-3787-4da4-be3f-6dded825b8e7,UCSB-IZC00047210,,,Animalia,Arthropoda,Insecta,Hymenoptera,Halictidae,Halictus farinosus,11149,"Smith, 1853",Halictus,,farinosus,,,,,Species,Charlie Thrift,3-Nov-21,,,,,,"Katja Seltmann, Charlie Thrift",,,4/11/2021,,,2021,4,11,101,,4/11/2021,,,,,,,PAN006,,,,,,,,,,Adult,Female,1,Pan Trap,Pinned,,North America,,,,United States,US,California,Santa Barbara,,,,0,,33.999608,-119.715247,WGS84,10,,,,GPS - Garmin,,,,,,,,,,,,11/17/2021 13:27,860356,6,4e600dc0-69ef-4557-bb8d-cff73e59df63,https://library.big-bee.net/portal/collections/individual/index.php?occid=2093143
2093163,UCSB,IZC,,PreservedSpecimen,83e7f59c-b341-44f6-872a-799524ed69ca,UCSB-IZC00046952,,,Animalia,Arthropoda,Insecta,Hymenoptera,Megachilidae,Osmia nemoris,18928,"Sandhouse, 1924",Osmia,,nemoris,,,,,Species,Jamie Pawelek,2022,,,,,,"Katja Seltmann, Charlie Thrift",,,4/11/2021,,,2021,4,11,101,,4/11/2021,,,,,,,PAN010,,,,,,,,,,Adult,Female,1,Pan Trap,Pinned,,North America,,,,United States,US,California,Santa Barbara,,,,0,,33.992078,-119.696699,WGS84,10,,,,GPS - Garmin,,,,,,,,,,,,11/17/2021 13:27,860376,6,c8e3fc5e-7f3a-423d-90f3-a8cc2349cec9,https://library.big-bee.net/portal/collections/individual/index.php?occid=2093163
2093167,UCSB,IZC,,PreservedSpecimen,ba6be909-61a6-4431-a6c9-838b0c82da48,UCSB-IZC00047222,,,Animalia,Arthropoda,Insecta,Hymenoptera,Megachilidae,Osmia nemoris,18928,"Sandhouse, 1924",Osmia,,nemoris,,,,,Species,Jamie Pawelek,2022,,,,,,"Katja Seltmann, Charlie Thrift",,,4/11/2021,,,2021,4,11,101,,4/11/2021,,,,,,,PAN008,,,,,,,,,,Adult,Female,1,Pan Trap,Pinned,,North America,,,,United States,US,California,Santa Barbara,,,,0,,33.996701,-119.713904,WGS84,10,,,,GPS - Garmin,,,,,,,,,,,,11/17/2021 13:27,860380,6,62d47422-3734-491a-a295-1b8dc3952298,https://library.big-bee.net/portal/collections/individual/index.php?occid=2093167
2093169,UCSB,IZC,,PreservedSpecimen,ea29fa15-0f39-48ce-8df5-afd2543c7272,UCSB-IZC00046915,,,Animalia,Arthropoda,Insecta,Hymenoptera,Apidae,Eucera actuosa,9990,"(Cresson, 1878)",Eucera,,actuosa,,,,,Species,Jamie Pawelek,2022,,,,,,"Katja Seltmann, Charlie Thrift",,,4/11/2021,,,2021,4,11,101,,4/11/2021,,,,,,,PAN008,,,,,,,,,,Adult,Female,1,Pan Trap,Pinned,,North America,,,,United States,US,California,Santa Barbara,,Santa Cruz Island,,0,,33.996701,-119.713904,WGS84,10,,,,GPS - Garmin,,,,,,,,,,,,11/17/2021 13:27,860382,6,6ea9ae58-d0b0-4fde-b362-87d99fab1d26,https://library.big-bee.net/portal/collections/individual/index.php?occid=2093169
2093172,UCSB,IZC,,PreservedSpecimen,69cea1a8-854a-4a6c-b44e-095613c6670f,UCSB-IZC00046903,,,Animalia,Arthropoda,Insecta,Hymenoptera,Halictidae,Halictus farinosus,11149,"Smith, 1853",Halictus,,farinosus,,,,,Species,Charlie Thrift,17-Nov-21,,,,,,"Katja Seltmann, Charlie Thrift",,,4/11/2021,,,2021,4,11,101,,4/11/2021,,,,,,,PAN008,,,,,,,,,,Adult,Female,1,Pan Trap,Pinned,,North America,,,,United States,US,California,Santa Barbara,,Santa Cruz Island,,0,,33.996701,-119.713904,WGS84,10,,,,GPS - Garmin,,,,,,,,,,,,11/17/2021 13:27,860385,6,92afdf22-891b-470f-b2bf-0efdf337a707,https://library.big-bee.net/portal/collections/individual/index.php?occid=2093172
2093230,UCSB,IZC,,PreservedSpecimen,8c6837d4-77b9-477b-a9c5-5d15701db796,UCSB-IZC00047388,,,Animalia,Arthropoda,Insecta,Hymenoptera,Megachilidae,Osmia nemoris,18928,"Sandhouse, 1924",Osmia,,nemoris,,,,,Species,Jamie Pawelek,2022,,,,,,"Katja Seltmann, Charlie Thrift",,,4/11/2021,,,2021,4,11,101,,4/11/2021,,,,,,,PAN008,,,,,,,,,,Adult,Female,1,Pan Trap,Pinned,,North America,,,,United States,US,California,Santa Barbara,,Refugio Creek,,0,,33.996701,-119.713904,WGS84,10,,,,GPS - Garmin,,,,,,,,,,,,11/17/2021 13:27,860466,6,52e97580-f5c5-4ba1-b080-7b497b67b346,https://library.big-bee.net/portal/collections/individual/index.php?occid=2093230
2093232,UCSB,IZC,,PreservedSpecimen,4cfc36dc-1511-4e05-8dc2-c16f197e35f5,UCSB-IZC00047372,,,Animalia,Arthropoda,Insecta,Hymenoptera,Megachilidae,Osmia nemoris,18928,"Sandhouse, 1924",Osmia,,nemoris,,,,,Species,Jamie Pawelek,2022,,,,,,"Katja Seltmann, Charlie Thrift",,,4/11/2021,,,2021,4,11,101,,4/11/2021,,,,,,,PAN008,,,,,,,,,,Adult,Female,1,Pan Trap,Pinned,,North America,,,,United States,US,California,Santa Barbara,,,,0,,33.996701,-119.713904,WGS84,10,,,,GPS - Garmin,,,,,,,,,,,,11/17/2021 13:27,860468,6,54121f6a-5731-41be-9f20-831444ad27f9,https://library.big-bee.net/portal/collections/individual/index.php?occid=2093232
2093257,UCSB,IZC,,PreservedSpecimen,5a156856-d350-480d-bdcf-48c81d08bb4b,UCSB-IZC00047217,,,Animalia,Arthropoda,Insecta,Hymenoptera,Apidae,Eucera actuosa,9990,"(Cresson, 1878)",Eucera,,actuosa,,,,,Species,Jamie Pawelek,2022,,,,,,"Katja Seltmann, Charlie Thrift",,,4/10/2021,,,2021,4,10,100,,4/10/2021,,,,,,,PAN001,,,,,,,,,,Adult,Female,1,Pan Trap,Pinned,,North America,,,,United States,US,California,Santa Barbara,,Santa Cruz Island,,0,,34.000028,-119.735376,WGS84,10,,,,GPS - Garmin,,,,,,,,,,,,11/17/2021 13:27,860494,6,991e42e3-0e5d-4154-bda6-382b21120661,https://library.big-bee.net/portal/collections/individual/index.php?occid=2093257
2093281,UCSB,IZC,,PreservedSpecimen,50d3f35b-6011-407b-9931-337f955f9596,UCSB-IZC00047206,,,Animalia,Arthropoda,Insecta,Hymenoptera,Megachilidae,Osmia nemoris,18928,"Sandhouse, 1924",Osmia,,nemoris,,,,,Species,Jamie Pawelek,2022,,,,,,"Katja Seltmann, Charlie Thrift",,,4/10/2021,,,2021,4,10,100,,4/10/2021,,,,,,,PAN001,,,,,,,,,,Adult,Female,1,Pan Trap,Pinned,,North America,,,,United States,US,California,Santa Barbara,,,,0,,34.000028,-119.735376,WGS84,10,,,,GPS - Garmin,,,,,,,,,,,,11/17/2021 13:27,860518,6,682cf53a-c190-4631-9770-34915f00563f,https://library.big-bee.net/portal/collections/individual/index.php?occid=2093281
2093422,UCSB,IZC,,PreservedSpecimen,85eda3b5-b37c-4a3a-8a6d-7f74d326a721,UCSB-IZC00044716,,,Animalia,Arthropoda,Insecta,Hymenoptera,Apidae,Apis mellifera,6324,"Linnaeus, 1758",Apis,,mellifera,,,,,Species,Charlie Thrift,2-Sep-21,,,,,,Evan Hobson,,,1/17/2020,,,2020,1,17,17,,1/17/2020,,,,,,,SCR_04,,,,,,,,,,Adult,Female,1,Pan Trap,Pinned,,North America,,,,United States,US,California,Ventura,,Santa Clara River,,0,,34.388092,-118.88953,WGS84,10,,,,GPS,,,,,,,,,,,,11/20/2021 11:34,860663,6,df0daaa7-e90d-4175-9ec6-c69caebd3bdf,https://library.big-bee.net/portal/collections/individual/index.php?occid=2093422
2093655,UCSB,IZC,,PreservedSpecimen,58a13662-3b3a-4d26-a994-0f4007b82306,UCSB-IZC00044443,,,Animalia,Arthropoda,Insecta,Hymenoptera,Apidae,Apis mellifera,6324,"Linnaeus, 1758",Apis,,mellifera,,,,,Species,Charlie Thrift,25-Aug-21,,,,,,"Kipp Callahan, Cristina Sandoval",,,2/12/2020,,,2020,2,12,43,,2/12/2020,,,,,,,COPR_01,,,,,,,,,,Adult,Female,1,Pan Trap,Pinned,,North America,,,,United States,US,California,Santa Barbara,,Coal Oil Point Reserve,,0,,34.41238,-119.8811,WGS84,10,,,,GPS,,,,,,,,,,,,11/30/2021 15:05,860953,6,324f4b6a-d4b7-4005-b806-52daa7d00a86,https://library.big-bee.net/portal/collections/individual/index.php?occid=2093655
2093677,UCSB,IZC,,PreservedSpecimen,ba1e05ad-7d54-4277-a0e4-a40a08bddeb0,UCSB-IZC00044306,,,Animalia,Arthropoda,Insecta,Hymenoptera,Apidae,Apis mellifera,6324,"Linnaeus, 1758",Apis,,mellifera,,,,,Species,Charlie Thrift,26-Aug-21,,,,,,David Dewey,,,2/8/2020,,,2020,2,8,39,,2/8/2020,,,,,,,CSMR_01,,,,,,,,,,Adult,Female,1,Pan Trap,Pinned,,North America,,,,United States,US,California,Santa Barbara,,Carpinteria Salt Marsh Reserve,,0,,34.39848,-119.5358,WGS84,10,,,,GPS,,,,,,,,,,,,11/30/2021 15:05,860978,6,9bc7ae73-97fc-4135-a160-c89dff15ed42,https://library.big-bee.net/portal/collections/individual/index.php?occid=2093677
2093701,UCSB,IZC,,PreservedSpecimen,da23540b-04ad-4393-aa57-91a3038c69db,UCSB-IZC00043471,,,Animalia,Arthropoda,Insecta,Hymenoptera,Apidae,Eucera actuosa,9990,"(Cresson, 1878)",Eucera,,actuosa,,,,,Species,Jamie Pawelek,2022,,,,,,"Katja Seltmann, Charlie Thrift",,,4/11/2021,,,2021,4,11,101,,4/11/2021,,,,,,,PAN010,,,,,,,,,,Adult,Female,1,Pan Trap,Pinned,,North America,,,,United States,US,California,Santa Barbara,,,,0,,33.992078,-119.696699,WGS84,10,,,,GPS - Garmin,,,,,,,,,,,,11/30/2021 16:55,861002,6,4bca4b8a-1919-40d2-abac-5e0634efa482,https://library.big-bee.net/portal/collections/individual/index.php?occid=2093701
2093847,UCSB,IZC,,PreservedSpecimen,83d60916-fbcb-4adb-9d7d-768f442271e1,UCSB-IZC00047293,,,Animalia,Arthropoda,Insecta,Hymenoptera,Apidae,Eucera actuosa,9990,"(Cresson, 1878)",Eucera,,actuosa,,,,,Species,Jamie Pawelek,2022,,,,,,"Katja Seltmann, Charlie Thrift",,,4/11/2021,,,2021,4,11,101,,4/11/2021,,,,,,,PAN010,,,,,,,,,,Adult,Female,1,Pan Trap,Pinned,,North America,,,,United States,US,California,Santa Barbara,,Santa Cruz Island,,0,,33.992078,-119.696699,WGS84,10,,,,GPS - Garmin,,,,,,,,,,,,11/30/2021 16:55,861126,6,0b3770eb-0087-4b81-affc-9955e157c5d8,https://library.big-bee.net/portal/collections/individual/index.php?occid=2093847
2093849,UCSB,IZC,,PreservedSpecimen,0604e66a-ee44-4ba1-a3a5-3eb6971bca76,UCSB-IZC00047317,,,Animalia,Arthropoda,Insecta,Hymenoptera,Apidae,Eucera actuosa,9990,"(Cresson, 1878)",Eucera,,actuosa,,,,,Species,Jamie Pawelek,2022,,,,,,"Katja Seltmann, Charlie Thrift",,,4/11/2021,,,2021,4,11,101,,4/11/2021,,,,,,,PAN010,,,,,,,,,,Adult,Female,1,Pan Trap,Pinned,,North America,,,,United States,US,California,Santa Barbara,,,,0,,33.992078,-119.696699,WGS84,10,,,,GPS - Garmin,,,,,,,,,,,,11/30/2021 16:55,861128,6,e997b73f-a47a-4fb2-869e-1482a70879b2,https://library.big-bee.net/portal/collections/individual/index.php?occid=2093849
2093857,UCSB,IZC,,PreservedSpecimen,f5df37af-1f54-411a-8bd3-4405074cfbc2,UCSB-IZC00043741,,,Animalia,Arthropoda,Insecta,Hymenoptera,Megachilidae,Osmia nemoris,18928,"Sandhouse, 1924",Osmia,,nemoris,,,,,Species,Jamie Pawelek,2022,,,,,,"Katja Seltmann, Charlie Thrift",,,4/11/2021,,,2021,4,11,101,,4/11/2021,,,,,,,PAN009,,,,,,,,,,Adult,Female,1,Pan Trap,Pinned,,North America,,,,United States,US,California,Santa Barbara,,,,0,,33.98938,-119.678401,WGS84,10,,,,GPS - Garmin,,,,,,,,,,,,11/30/2021 16:55,861136,6,51eaea41-1753-44c2-ab91-89ff78e233e6,https://library.big-bee.net/portal/collections/individual/index.php?occid=2093857
2093873,UCSB,IZC,,PreservedSpecimen,97297ffa-7f67-481d-80a8-2d402a1dcb76,UCSB-IZC00043205,,,Animalia,Arthropoda,Insecta,Hymenoptera,Apidae,Eucera actuosa,9990,"(Cresson, 1878)",Eucera,,actuosa,,,,,Species,Jamie Pawelek,2022,,,,,,"Katja Seltmann, Charlie Thrift",,,4/11/2021,,,2021,4,11,101,,4/11/2021,,,,,,,PAN009,,,,,,,,,,Adult,Female,1,Pan Trap,Pinned,,North America,,,,United States,US,California,Santa Barbara,,,,0,,33.98938,-119.678401,WGS84,10,,,,GPS - Garmin,,,,,,,,,,,,11/30/2021 16:55,861153,6,23a9fc69-64c1-484b-ab1a-f039004809f9,https://library.big-bee.net/portal/collections/individual/index.php?occid=2093873
2093887,UCSB,IZC,,PreservedSpecimen,f944260e-d05c-4e81-a752-941a4358c94b,UCSB-IZC00047359,,,Animalia,Arthropoda,Insecta,Hymenoptera,Megachilidae,Osmia nemoris,18928,"Sandhouse, 1924",Osmia,,nemoris,,,,,Species,Jamie Pawelek,2022,,,,,,"Katja Seltmann, Charlie Thrift",,,4/11/2021,,,2021,4,11,101,,4/11/2021,,,,,,,PAN008,,,,,,,,,,Adult,Female,1,Pan Trap,Pinned,,North America,,,,United States,US,California,Santa Barbara,UCSB,UCSB Lagoon,,0,,33.996701,-119.713904,WGS84,10,,,,GPS - Garmin,,,,,,,,,,,,11/30/2021 16:55,861167,6,06eb6acb-6033-45cd-b1df-5f00c8ae1ac9,https://library.big-bee.net/portal/collections/individual/index.php?occid=2093887
2093902,UCSB,IZC,,PreservedSpecimen,75ab1ed4-46fa-4832-97c7-a0bb92401dc2,UCSB-IZC00046991,,,Animalia,Arthropoda,Insecta,Hymenoptera,Megachilidae,Osmia nemoris,18928,"Sandhouse, 1924",Osmia,,nemoris,,,,,Species,Jamie Pawelek,2022,,,,,,"Katja Seltmann, Charlie Thrift",,,4/11/2021,,,2021,4,11,101,,4/11/2021,,,,,,,PAN009,,,,,,,,,,Adult,Female,1,Pan Trap,Pinned,,North America,,,,United States,US,California,Santa Barbara,UCSB,"UCSB, Campus Point",,0,,33.98938,-119.678401,WGS84,10,,,,GPS - Garmin,,,,,,,,,,,,11/30/2021 16:55,861182,6,ca1c6148-3cc3-46f3-af6a-1d8666b1a798,https://library.big-bee.net/portal/collections/individual/index.php?occid=2093902
2093903,UCSB,IZC,,PreservedSpecimen,3dd1457b-6547-4093-81f3-8de3a006232f,UCSB-IZC00047335,,,Animalia,Arthropoda,Insecta,Hymenoptera,Megachilidae,Osmia nemoris,18928,"Sandhouse, 1924",Osmia,,nemoris,,,,,Species,Jamie Pawelek,2022,,,,,,"Katja Seltmann, Charlie Thrift",,,4/11/2021,,,2021,4,11,101,,4/11/2021,,,,,,,PAN009,,,,,,,,,,Adult,Female,1,Pan Trap,Pinned,,North America,,,,United States,US,California,Santa Barbara,,,,0,,33.98938,-119.678401,WGS84,10,,,,GPS - Garmin,,,,,,,,,,,,11/30/2021 16:55,861183,6,0fb88d96-0b40-4638-aa51-028e16787c17,https://library.big-bee.net/portal/collections/individual/index.php?occid=2093903
2093910,UCSB,IZC,,PreservedSpecimen,c2c008b4-d308-4534-bb6e-8c6695ed5529,UCSB-IZC00047281,,,Animalia,Arthropoda,Insecta,Hymenoptera,Apidae,Eucera actuosa,9990,"(Cresson, 1878)",Eucera,,actuosa,,,,,Species,Jamie Pawelek,2022,,,,,,"Katja Seltmann, Charlie Thrift",,,4/11/2021,,,2021,4,11,101,,4/11/2021,,,,,,,PAN009,,,,,,,,,,Adult,Female,1,Pan Trap,Pinned,,North America,,,,United States,US,California,Santa Barbara,,Santa Cruz Island,,0,,33.98938,-119.678401,WGS84,10,,,,GPS - Garmin,,,,,,,,,,,,11/30/2021 16:55,861190,6,f877d2b1-53bf-471a-a5b6-c0e44aef9678,https://library.big-bee.net/portal/collections/individual/index.php?occid=2093910
2093912,UCSB,IZC,,PreservedSpecimen,8575929c-64be-4364-adfa-0fff9af12b64,UCSB-IZC00047330,,,Animalia,Arthropoda,Insecta,Hymenoptera,Apidae,Eucera actuosa,9990,"(Cresson, 1878)",Eucera,,actuosa,,,,,Species,Jamie Pawelek,2022,,,,,,"Katja Seltmann, Charlie Thrift",,,4/11/2021,,,2021,4,11,101,,4/11/2021,,,,,,,PAN009,,,,,,,,,,Adult,Female,1,Pan Trap,Pinned,,North America,,,,United States,US,California,Santa Barbara,,,,0,,33.98938,-119.678401,WGS84,10,,,,GPS - Garmin,,,,,,,,,,,,11/30/2021 16:55,861192,6,af9cabe0-8a2a-403a-841e-862853e73e66,https://library.big-bee.net/portal/collections/individual/index.php?occid=2093912
2093913,UCSB,IZC,,PreservedSpecimen,e07ceb8c-4d63-4b7a-b75e-ba6be0426c39,UCSB-IZC00047396,,,Animalia,Arthropoda,Insecta,Hymenoptera,Apidae,Eucera actuosa,9990,"(Cresson, 1878)",Eucera,,actuosa,,,,,Species,Jamie Pawelek,2022,,,,,,"Katja Seltmann, Charlie Thrift",,,4/11/2021,,,2021,4,11,101,,4/11/2021,,,,,,,PAN009,,,,,,,,,,Adult,Female,1,Pan Trap,Pinned,,North America,,,,United States,US,California,Santa Barbara,,North Campus Open Space,,0,,33.98938,-119.678401,WGS84,10,,,,GPS - Garmin,,,,,,,,,,,,11/30/2021 16:55,861193,6,8f195850-a94f-4c70-89a3-fbb7e55e3f69,https://library.big-bee.net/portal/collections/individual/index.php?occid=2093913
2105429,UCSB,IZC,,PreservedSpecimen,31f76bd3-2227-43c0-83d7-1c7d29694d41,UCSB-IZC00041336,,,Animalia,Arthropoda,Insecta,Hymenoptera,Apidae,Bombus vosnesenskii,7022,"Radoszkowski, 1862",Bombus,,vosnesenskii,,,,,Species,Jamie Pawelek,2022,,,,,,"Katja Seltmann, Charlie Thrift",,,4/11/2021,,,2021,4,11,101,,4/11/2021,,,,,,,RAN001,,,,,,visiting:Salvia mellifera,,,,Adult,Worker,1,"net collected, Ethyl acetate",Pinned,,North America,,,,United States,US,California,Santa Barbara,,,,0,,33.995659,-119.715987,WGS84,10,,,,GPS - Garmin,,,,,,,,,,,,2/11/2022 14:23,861313,6,869731d9-091f-48b0-bd51-193a13fae159,https://library.big-bee.net/portal/collections/individual/index.php?occid=2105429
2105438,UCSB,IZC,,PreservedSpecimen,2da32855-3f5d-4ef1-bd52-3beedd4a44d2,UCSB-IZC00041391,,,Animalia,Arthropoda,Insecta,Hymenoptera,Apidae,Habropoda depressa,11033,"Fowler, 1899",Habropoda,,depressa,,,,,Species,Jamie Pawelek,2022,,,,,,"Katja Seltmann, Charlie Thrift",,,4/9/2021,,,2021,4,9,99,99,4/9/2021,,,,,,,RAN001,,,,,,visiting:Salvia mellifera,,,,Adult,Female,1,"net collected, Ethyl acetate",Pinned,,North America,,,,United States,US,California,Santa Barbara,,Santa Cruz Island,,0,,33.995659,-119.715987,WGS84,10,,,,GPS - Garmin,,,,,,,,,,,,2/11/2022 14:23,861323,6,5ad47bd4-069a-4db5-85c0-ae9e01437205,https://library.big-bee.net/portal/collections/individual/index.php?occid=2105438
2105444,UCSB,IZC,,PreservedSpecimen,9042192a-c1f5-4b1e-88ed-e0f1ea508581,UCSB-IZC00042004,,,Animalia,Arthropoda,Insecta,Hymenoptera,Apidae,Bombus vosnesenskii,7022,"Radoszkowski, 1862",Bombus,,vosnesenskii,,,,,Species,Jamie Pawelek,2022,,,,,,"Katja Seltmann, Charlie Thrift",,,4/10/2021,,,2021,4,10,100,,4/10/2021,,,,,,,FRA002,,,,,,visiting:Phacelia tanacetifolia,,,,Adult,Worker,1,"net collected, Ethyl acetate",Pinned,,North America,,,,United States,US,California,Santa Barbara,,,,0,,34.059189,-119.923129,WGS84,10,,,,GPS - Garmin,,,,,,,,,,,,2/11/2022 14:23,861330,6,640e55b7-85f4-4b0b-8ac0-326bca46463b,https://library.big-bee.net/portal/collections/individual/index.php?occid=2105444
2157906,LACM,ENT,,PreservedSpecimen,,LACM ENT 601903,,,Animalia,Arthropoda,Insecta,Hymenoptera,Melittidae,Hesperapis larreae,11454,"Cockerell, 1907",Hesperapis,,larreae,,,,,Species,,,,,,,,R.R. Snelling,,,5/14/1975,,,1975,5,14,134,134,14-May-75,,,,,,,,,,,,,,,,,Adult,Female,1,,Pinned,,,,,,United States,,California,Riverside,,Whitewater Canyon,,0,,33.989022,-116.657318,WGS84,3610,,cms599 (2023-10-06 13:38:29),,georef batch tool 2023-10-06; GeoLocate,,,,,,,,,,,,3/8/2025 20:15,,21,39413d95-b694-406a-88f3-c15fa75e434b,https://library.big-bee.net/portal/collections/individual/index.php?occid=2157689
2157915,LACM,ENT,,PreservedSpecimen,,LACM ENT 601968,,,Animalia,Arthropoda,Insecta,Hymenoptera,Melittidae,Hesperapis larreae,11454,"Cockerell, 1907",Hesperapis,,larreae,,,,,Species,,,,,,,,R.R. Snelling,,,9/12/1965,,,1965,9,12,255,255,12-IX-1965,,,,,,,,,,,,,Larrea,,,,Adult,Female,1,,Pinned,,,,,,United States,,California,Los Angeles,,"Pearblossom, 23.2 mi NE",,0,,34.770416,-117.674181,WGS84,16288,,cms599 (2023-09-28 16:04:55),,georef batch tool 2023-09-28; GeoLocate,,,945,,,,,3100',,,,3/8/2025 20:23,,21,9530fa33-65ba-424f-91a3-41e08ec3316a,https://library.big-bee.net/portal/collections/individual/index.php?occid=2157700
2157731,LACM,ENT,,PreservedSpecimen,,LACM ENT 247827,,,Animalia,Arthropoda,Insecta,Hymenoptera,Melittidae,Hesperapis larreae,11454,"Cockerell, 1907",Hesperapis,,larreae,,,,,Species,,,,,,,,R.R. Snelling,,,4/14/1995,,,1995,4,14,104,104,14.iv.95,,,,,,,,,,,,,on flowers of Larrea tridentata; zygophyllaceae,,,,Adult,Male,1,,Pinned,,,,,,United States,,Arizona,Maricopa,,12 mi SE Aguila,,0,,33.81,113.06,,1110,33.81°N 113.06°W,cms599,,georef batch tool 2023-08-18,,Colleen Smith,610,,,,,2000',,,,3/8/2025 20:38,,21,9bb338a2-8f9a-4d4e-902b-b51cdca43167,https://library.big-bee.net/portal/collections/individual/index.php?occid=2157731
2157951,LACM,ENT,,PreservedSpecimen,,LACM ENT 602211,,,Animalia,Arthropoda,Insecta,Hymenoptera,Melittidae,Hesperapis larreae,11454,"Cockerell, 1907",Hesperapis,,larreae,,,,,Species,,,,,,,,R.R. Snelling,,,5/23/1965,,,1965,5,23,143,143,V-23-65,,,,,,,,,,,,,Larrea,,,,Adult,Female,1,,Pinned,,,,,,United States,,California,San Bernardino,,"Old Woman Mountains, 1 mi S Sunflower Spring",,0,,34.45,-115.2,WGS84,15600,,cms599 (2023-10-06 14:22:03),,georef batch tool 2023-10-06; GeoLocate,,,2469,,,,,8100',,,,3/8/2025 20:42,,21,87b510b6-ae91-481f-88c3-4c6e0e4311d0,https://library.big-bee.net/portal/collections/individual/index.php?occid=2157739
2157970,LACM,ENT,,PreservedSpecimen,,LACM ENT 602319,,,Animalia,Arthropoda,Insecta,Hymenoptera,Melittidae,Hesperapis larreae,11454,"Cockerell, 1907",Hesperapis,,larreae,,,,,Species,G.I. Stage,,,Hesperapis larreae (Ckll.) Det. G. Stage ?65,,,,R.R. Snelling,,,5/23/1965,,,1965,5,23,143,143,V-23-65,,,,,,,,,,,,,Larrea,,,,Adult,Female,1,,Pinned,,,,,,United States,,California,San Bernardino,,"Old Woman Mountains, 1 mi S Sunflower Spring",,0,,34.45,-115.2,WGS84,15600,,cms599 (2023-10-06 14:22:03),,georef batch tool 2023-10-06; GeoLocate,,,2469,,,,,8100',,,,3/9/2025 19:37,,21,a13edb6a-9ad7-4fc1-9cef-7853996a7e55,https://library.big-bee.net/portal/collections/individual/index.php?occid=2157759
2159232,EMEC,,,PreservedSpecimen,,EMEC1773529,,,Animalia,Arthropoda,Insecta,Hymenoptera,Andrenidae,Andrena prunorum,2955,"Cockerell, 1896",Andrena,,prunorum,,,,,Species,W.E. LaBerge,,,,,,,W.W. Jones,,,5/6/1929,,,1929,5,6,126,126,5/6/2029,,,,,,,,,,,,,,,,,Adult,Female,1,,Pinned,,,,,,United States,,Utah,Salt Lake,Salt Lake City,Salt Lake City,,0,,,,,,,,,,,,,,,,,,,,,3/4/2025 19:37,,21,93f52b0a-78e5-4235-b856-626c7611a064,https://library.big-bee.net/portal/collections/individual/index.php?occid=2159232
2159235,EMEC,,,PreservedSpecimen,,EMEC1773532,,,Animalia,Arthropoda,Insecta,Hymenoptera,Andrenidae,Andrena prunorum,2955,"Cockerell, 1896",Andrena,,prunorum,,,,,Species,W.E. LaBerge,,,,,,,E.G. Linsley,,,3/15/1936,,,1936,3,15,75,75,III 15 36,,,,,,,,,,,,,Salix sp.,,,,Adult,Female,1,,Pinned,,,,,,United States,,California,Los Angeles,Acton,Acton,,0,,34.469994,-118.196742,WGS84,3708,,sadhikari,,georef batch tool 2023-08-22; GeoLocate,,Swopnil Adhikari,,,,,,,,,,3/4/2025 19:43,,21,58ec9b01-8b15-4e4c-bf15-1f7cd8c88d3b,https://library.big-bee.net/portal/collections/individual/index.php?occid=2159235
2159251,EMEC,,,PreservedSpecimen,,EMEC1773557,,,Animalia,Arthropoda,Insecta,Hymenoptera,Andrenidae,Andrena prunorum,2955,"Cockerell, 1896",Andrena,,prunorum,,,,,Species,W.E. LaBerge,,,,,,,R. May,,,,,,,,,,,Mar. 24 1917,,,,,,,,,,,,,,,,,Adult,Female,1,,Pinned,,,,,,United States,,California,Los Angeles,Los Angeles,Los Angeles,,0,,,,,,,,,,,,,,,,,,,,,3/4/2025 19:59,,21,6899f8d0-21e6-49b1-a30f-831173f08071,https://library.big-bee.net/portal/collections/individual/index.php?occid=2159251
2159269,EMEC,,,PreservedSpecimen,,EMEC1773582,,,Animalia,Arthropoda,Insecta,Hymenoptera,Andrenidae,Andrena prunorum,2955,"Cockerell, 1896",Andrena,,prunorum,,,,,Species,,,,,,,,"J. Chemsak, J. Doyen",,,6/10/1974,6/14/1974,,1974,6,10,161,165,VI-10/14/-74,,,,,,,,,,,,,,,,,Adult,Female,1,,Pinned,,,,,,United States,,California,Siskiyou,,McBride Springs,,0,,,,,,,,,,,,1585,,,,,5200',,,,3/4/2025 20:15,,21,a12c705d-53a4-4025-9091-0f95a20a18e6,https://library.big-bee.net/portal/collections/individual/index.php?occid=2159269
2159281,EMEC,,,PreservedSpecimen,,EMEC1773606,,,Animalia,Arthropoda,Insecta,Hymenoptera,Andrenidae,Andrena prunorum,2955,"Cockerell, 1896",Andrena,,prunorum,,,,,Species,,,,,,,,J. Powell,,,7/8/1969,,,1969,7,8,189,189,VII-8-69,,,,,,,,,,,,,,,,,Adult,Female,1,,Pinned,,,,,,United States,,California,Trinity,,Coffee Creek Ranch,,0,,,,,,,,,,,,914,,,,,3000',,,,3/4/2025 20:20,,21,15209b0f-263a-4316-af90-fc81de1b40e2,https://library.big-bee.net/portal/collections/individual/index.php?occid=2159281
2159471,UCSB,IZC,,PreservedSpecimen,d0abc6d7-8ac5-4b0b-8bbb-b20c26552d27,UCSB-IZC00035534,,,Animalia,Arthropoda,Insecta,Hymenoptera,Apidae,Bombus vosnesenskii,7022,"Radoszkowski, 1862",Bombus,,vosnesenskii,,,,,Species,Jamie Pawelek,2018,,,,,,Darlene Phath,,,5/18/2017,,,2017,5,18,138,,18-May-17,,,,,,,,,,,,,,,,,Adult,Worker,1,,Pinned,,North America,,,,United States,US,California,Santa Barbara,,"University of California Santa Barbara, Campus Lagoon",,0,,34.408661,-119.847586,WGS84,406,,almalove (2024-05-29 11:32:29),,georef batch tool 2024-05-29,,,,,,,,,,,Fpacheco,3/13/2025 12:23,913829,6,97b69daa-c87a-427d-aee9-3dc41990a641,https://library.big-bee.net/portal/collections/individual/index.php?occid=2159471
2166497,UCSB,IZC,,PreservedSpecimen,48ef68bc-4afa-4479-8820-4d4afb75aa88,UCSB-IZC00034847,,,Animalia,Arthropoda,Insecta,Hymenoptera,Halictidae,Halictus farinosus,11149,"Smith, 1853",Halictus,,farinosus,,,,,Species,Jamie Pawelek,2019,,,,,,,,,3/15/2019,,,2019,3,15,74,74,15-May-19,UCSBees survey; SCIR_03,,,,,,,,,,,,,,,0,,Female,,Yellow Pan Trap,,,North America,,,,United States,US,California,Santa Barbara,,Santa Cruz Island,,0,,33.997278,-119.714056,,,,,,,,,,,,,,,,,Fpacheco,7/14/2025 17:23,913828,6,8264876b-fe2a-45e5-9190-cb8b853af0e0,https://library.big-bee.net/portal/collections/individual/index.php?occid=2166497
2182736,LACM,ENT,,PreservedSpecimen,,LACM ENT 602292,,,Animalia,Arthropoda,Insecta,Hymenoptera,Melittidae,Hesperapis larreae,11454,"Cockerell, 1907",Hesperapis,,larreae,,,,,Species,,,,,,,,,,,,,,,,,,,,,,,,,,,,,,,,,,,,,Female,,,,,,,,,,,,,,,,0,,,,,,,,,,,,,,,,,,,,,9/1/2023 12:46,,21,efa8eeb8-c6ec-4994-913b-65c2aa1ff7cd,https://library.big-bee.net/portal/collections/individual/index.php?occid=2182736
2182738,LACM,ENT,,PreservedSpecimen,,LACM ENT 602232,,,Animalia,Arthropoda,Insecta,Hymenoptera,Melittidae,Hesperapis larreae,11454,"Cockerell, 1907",Hesperapis,,larreae,,,,,Species,,,,,,,,,,,,,,,,,,,,,,,,,,,,,,,,,,,,,Female,,,,,,,,,,,,,,,,0,,,,,,,,,,,,,,,,,,,,,9/1/2023 12:46,,21,58b94aa7-6b65-4f52-9884-2d91eadcc5d8,https://library.big-bee.net/portal/collections/individual/index.php?occid=2182738
2182744,LACM,ENT,,PreservedSpecimen,,LACM ENT 601925,,,Animalia,Arthropoda,Insecta,Hymenoptera,Melittidae,Hesperapis larreae,11454,"Cockerell, 1907",Hesperapis,,larreae,,,,,Species,,,,,,,,,,,,,,,,,,,,,,,,,,,,,,,,,,,,,Male,,,,,,,,,,,,,,,,0,,,,,,,,,,,,,,,,,,,,,9/1/2023 12:46,,21,78189cbf-c4d2-4657-bda5-d82641c82a4a,https://library.big-bee.net/portal/collections/individual/index.php?occid=2182744
2182751,LACM,ENT,,PreservedSpecimen,,LACM ENT 247827,,,Animalia,Arthropoda,Insecta,Hymenoptera,Melittidae,Hesperapis larreae,11454,"Cockerell, 1907",Hesperapis,,larreae,,,,,Species,,,,,,,,,,,,,,,,,,,,,,,,,,,,,,,,,,,,,Female,,,,,,,,,,,,,,,,0,,,,,,,,,,,,,,,,,,,,,9/1/2023 12:46,,21,1fc04d63-d91a-4e0a-bf80-c622fe2b4383,https://library.big-bee.net/portal/collections/individual/index.php?occid=2182751
3609880,UCSB,IZC,,PreservedSpecimen,2871112e-ec35-46c0-99ff-2899af668b5c,UCSB-IZC00055264,,,Animalia,Arthropoda,Insecta,Hymenoptera,Apidae,Ceratina strenua,7922,"Smith, 1879",Ceratina,,strenua,,,,,Species,MD Ulyshen 2021,,,,,,,,,,,,,,,,,,8-May,47; Edgewood,,,,,,,,,,,,,,,,Adult,,1,,Pinned,,,,,,,,,,,,,0,,,,,,,,,,,,,,,,,,,,almalove,8/28/2024 18:29,4986683,6,c0280a5e-6439-456f-a2e8-757c70b7776c,https://library.big-bee.net/portal/collections/individual/index.php?occid=3609880
3609881,UCSB,IZC,,PreservedSpecimen,6d79846d-fbbf-4b33-89df-ce4671e18468,UCSB-IZC00055265,,,Animalia,Arthropoda,Insecta,Hymenoptera,Megachilidae,Megachile mendica,16244,"Cresson, 1878",Megachile,,mendica,,,,,Species,,,,,,,,J. Peterman,,,7/17/2022,,,2022,7,17,198,,17-Jul-22,10,,,,,,,,,,,,A. tuberosa x purpurascens HF3.2,,,,Adult,,1,Sweep Net,Pinned,,North America,,,,United States,US,Georgia,Oconee,Watkinsville,"Watkinsville, 1221 Hog Mountain Rd",,0,,33.88698953,-83.4205012,,,"33.8869895257040, -83.4205012",,,,,,,,,,,,,,almalove,3/13/2025 12:29,4986684,6,24d01426-b4cd-4463-80de-9e0b4acfdb23,https://library.big-bee.net/portal/collections/individual/index.php?occid=3609881
3609901,UCSB,IZC,,PreservedSpecimen,76f99d7c-9ebd-4e37-b015-e58d0154400a,UCSB-IZC00055286,,,Animalia,Arthropoda,Insecta,Hymenoptera,Halictidae,Lasioglossum hitchensi,13549,"Gibbs, 2012",Lasioglossum,,hitchensi,,,,,Species,MD Ulyshen,2021,,,,,,A. Janvier,,,6/19/2019,,,2019,6,19,170,,19-21 June 2019,22,,,,,,,,,,,,,,,,Adult,,1,Pan trap,Pinned,,North America,,,,United States,US,Georgia,Clarke,Athens,"Athens, 161 Jarnigan Dr",,0,,33.923709,-83.352034,,,"33.923709, -83.352034",,,,,,,,,,,,,,almalove,3/13/2025 12:29,4986704,6,b96e31ef-5710-4e1a-8276-2d6bc68a5012,https://library.big-bee.net/portal/collections/individual/index.php?occid=3609901
3609904,UCSB,IZC,,PreservedSpecimen,3858a29f-e862-45ed-9318-9735eeb68c45,UCSB-IZC00055289,,,Animalia,Arthropoda,Insecta,Hymenoptera,Andrenidae,Calliopsis andreniformis,1994,"Smith, 1853",Calliopsis,,andreniformis,,,,,Species,MD Ulyshen,2021,,,,,,,,,,,,,,,,,27-May,18; Hancock,,,,,,,,,,,,,,,,Adult,,1,,Pinned,,,,,,,,,,,,,0,,,,,,,,,,,,,,,,,,,,almalove,8/28/2024 18:31,4986707,6,9f2815e9-ad8e-4f95-8d42-a0154c0fbcfd,https://library.big-bee.net/portal/collections/individual/index.php?occid=3609904
3609918,UCSB,IZC,,PreservedSpecimen,b3a1dbd5-03d8-4c68-b323-2c1bd371b528,UCSB-IZC00055304,,,Animalia,Arthropoda,Insecta,Hymenoptera,Megachilidae,Megachile mendica,16244,"Cresson, 1878",Megachile,,mendica,,,,,Species,,,,,,,,J. Peterman,,,7/4/2022,,,2022,7,4,185,,4-Jul-22,10,,,,,,,,,,,,A. tuberosa x purpurascens HF3.4,,,,Adult,,1,Sweep Net,Pinned,,North America,,,,United States,US,Georgia,Oconee,Watkinsville,"Watkinsville, 1221 Hog Mountain Rd",,0,,33.88698953,-83.4205012,,,"33.8869895257040, -83.4205012",,,,,,,,,,,,,,almalove,3/13/2025 12:29,4986722,6,ee9e79e4-7f18-4718-9318-5550de3fb16f,https://library.big-bee.net/portal/collections/individual/index.php?occid=3609918
3609927,UCSB,IZC,,PreservedSpecimen,5e66bc20-b55a-4e47-a556-787a6008d0fb,UCSB-IZC00055314,,,Animalia,Arthropoda,Insecta,Hymenoptera,Megachilidae,Megachile mendica,16244,"Cresson, 1878",Megachile,,mendica,,,,,Species,,,,,,,,J. Peterman,,,7/4/2022,,,2022,7,4,185,,4-Jul-22,10,,,,,,,,,,,,A. tuberosa x hirtella HF3.1,,,,Adult,,1,Sweep Net,Pinned,,North America,,,,United States,US,Georgia,Oconee,Watkinsville,"Watkinsville, 1221 Hog Mountain Rd",,0,,33.88698953,-83.4205012,,,"33.8869895257040, -83.4205012",,,,,,,,,,,,,,almalove,3/13/2025 12:29,4986731,6,9dfcc19f-e29b-4ea4-af4c-58e101c892fa,https://library.big-bee.net/portal/collections/individual/index.php?occid=3609927
3609963,UCSB,IZC,,PreservedSpecimen,a43551dc-db8c-4e5c-b53f-4fe58fb9cafb,UCSB-IZC00055354,,,Animalia,Arthropoda,Insecta,Hymenoptera,Andrenidae,Calliopsis andreniformis,1994,"Smith, 1853",Calliopsis,,andreniformis,,,,,Species,MD Ulyshen,2021,,,,,,,,,,,,,,,,,,18; Sandwood 1,,,,,,,,,,,,,,,,Adult,,1,,Pinned,,,,,,,,,,,,,0,,,,,,,,,,,,,,,,,,,,almalove,8/28/2024 18:40,4986772,6,e46e6d22-7d1c-4a37-bcb6-d07721131d2a,https://library.big-bee.net/portal/collections/individual/index.php?occid=3609963
3609967,UCSB,IZC,,PreservedSpecimen,e3f66617-f85e-47e7-9e82-65350a6b6f02,UCSB-IZC00055358,,,Animalia,Arthropoda,Insecta,Hymenoptera,Andrenidae,Calliopsis andreniformis,1994,"Smith, 1853",Calliopsis,,andreniformis,,,,,Species,MD Ulyshen,2021,,,,,,,,,,,,,,,,,,18; Best 1,,,,,,,,,,,,,,,,Adult,,1,,Pinned,,,,,,,,,,,,,0,,,,,,,,,,,,,,,,,,,,almalove,8/28/2024 18:45,4986776,6,0b00a38a-7f21-4ab6-8a98-84983a26b247,https://library.big-bee.net/portal/collections/individual/index.php?occid=3609967
3610046,UCSB,IZC,,PreservedSpecimen,217acba1-be71-4674-b5e6-21a8791b22c4,UCSB-IZC00055752,,,Animalia,Arthropoda,Insecta,Hymenoptera,Andrenidae,Calliopsis andreniformis,1994,"Smith, 1853",Calliopsis,,andreniformis,,,,,Species,MD Ulyshen,2021,,,,,,,,,,,,,,,,,27-May,18; Oak Meadow,,,,,,,,,,,,,,,,Adult,,1,,Pinned,,,,,,,,,,,,,0,,,,,,,,,,,,,,,,,,,,almalove,8/30/2024 16:35,4986859,6,0806ec6e-fb6d-4d74-8522-c914bc8f3467,https://library.big-bee.net/portal/collections/individual/index.php?occid=3610046
3610201,UCSB,IZC,,PreservedSpecimen,43cd6f33-731a-4c6a-94c5-83ed145ccedd,UCSB-IZC00058691,,,Animalia,Arthropoda,Insecta,Hymenoptera,Apidae,Ceratina strenua,7922,"Smith, 1879",Ceratina,,strenua,,,,,Species,MD Ulyshen,2021,,,,,,,,,,,,,,,,,,47; Echo brook 1,,,,,,,,,,,,,,,,Adult,,1,,Pinned,,,,,,,,,,,,,0,,,,,,,,,,,,,,,,,,,,almalove,9/3/2024 16:45,4987063,6,29a86e15-10c1-4818-8d62-3debfe53f5a1,https://library.big-bee.net/portal/collections/individual/index.php?occid=3610201
3610215,UCSB,IZC,,PreservedSpecimen,8ef8ce9f-ceb8-4da7-8d0f-a51b54be6e39,UCSB-IZC00058706,,,Animalia,Arthropoda,Insecta,Hymenoptera,Megachilidae,Megachile mendica,16244,"Cresson, 1878",Megachile,,mendica,,,,,Species,,,,,,,,J. Peterman,,,7/15/2022,,,2022,7,15,196,,15-Jul-22,10,,,,,,,,,,,,A. tuberosa HF2.2,,,,Adult,,1,Sweep net,Pinned,,North America,,,,United States,US,Georgia,Oconee,Watkinsville,"Watkinsville, UGA Horticulture Research Farm",,0,,33.88698953,-83.4205012,,,"33.8869895257040, -83.4205012",,,,,,,,,,,,,,almalove,3/13/2025 12:29,4987077,6,47d1e766-5d87-40d0-a5b4-d004ed24965d,https://library.big-bee.net/portal/collections/individual/index.php?occid=3610215
3610218,UCSB,IZC,,PreservedSpecimen,541026a7-9d89-4463-927b-5a8efbcd031d,UCSB-IZC00058709,,,Animalia,Arthropoda,Insecta,Hymenoptera,Apidae,Ceratina strenua,7922,"Smith, 1879",Ceratina,,strenua,,,,,Species,MD Ulyshen,2021,,,,,,,,,,,,,,,,,,47; Spring Lake 1,,,,,,,,,,,,,,,,Adult,,1,,Pinned,,,,,,,,,,,,,0,,,,,,,,,,,,,,,,,,,,almalove,9/3/2024 17:20,4987080,6,09b169a5-002e-44a0-8388-9b52d6056a76,https://library.big-bee.net/portal/collections/individual/index.php?occid=3610218
3610226,UCSB,IZC,,PreservedSpecimen,f47e80c6-8513-4571-af78-23e46cdd7f30,UCSB-IZC00058718,,,Animalia,Arthropoda,Insecta,Hymenoptera,Apidae,Ceratina strenua,7922,"Smith, 1879",Ceratina,,strenua,,,,,Species,Ulyshen,2021,,,,,,A. Janvier,,,4/28/2020,,,2020,4,28,119,,28-29 April 2020,,,,,,,,,,,,,,,,,Adult,,1,Pan trap,Pinned,,North America,,,,United States,US,Georgia,Clarke,Athens,"Athens, 144 Hiawassee Ave",,0,,33.964407,-83.396884,,,"33.964407, -83.396884",,,,,,,,,,,,,,almalove,3/13/2025 12:29,4987088,6,77ecfed2-cd3d-4a7a-937c-f3218055c696,https://library.big-bee.net/portal/collections/individual/index.php?occid=3610226
3610230,UCSB,IZC,,PreservedSpecimen,5d9e693d-114a-41b7-9f14-93813106948d,UCSB-IZC00058722,,,Animalia,Arthropoda,Insecta,Hymenoptera,Apidae,Ceratina strenua,7922,"Smith, 1879",Ceratina,,strenua,,,,,Species,MD Ulyshen,2021,,,,,,,,,,,,,,,,,19-Jun,47; Hancock,,,,,,,,,,,,,,,,Adult,,1,,Pinned,,,,,,,,,,,,,0,,,,,,,,,,,,,,,,,,,,almalove,9/3/2024 17:40,4987092,6,7a0e420b-707f-4dc5-8c95-86cba151689b,https://library.big-bee.net/portal/collections/individual/index.php?occid=3610230
3610244,UCSB,IZC,,PreservedSpecimen,86e9426b-44e0-4898-a01f-71ff59011642,UCSB-IZC00058737,,,Animalia,Arthropoda,Insecta,Hymenoptera,Megachilidae,Megachile mendica,16244,"Cresson, 1878",Megachile,,mendica,,,,,Species,,,,,,,,J. Peterman,,,7/8/2022,,,2022,7,8,189,,8-Jul-22,10,,,,,,,,,,,,A. tuberosa x purpurascens HF3.2,,,,Adult,,1,Sweep Net,Pinned,,North America,,,,United States,US,Georgia,Oconee,Watkinsville,"Watkinsville, UGA Horticulture Research Farm",,0,,33.88698953,-83.4205012,,,"33.8869895257040, -83.4205012",,,,,,,,,,,,,,almalove,3/13/2025 12:29,4987106,6,dd8740bf-0095-419a-87a3-3c5466a35d30,https://library.big-bee.net/portal/collections/individual/index.php?occid=3610244
3610247,UCSB,IZC,,PreservedSpecimen,91cc052d-89be-4870-a30f-0fbb3990371b,UCSB-IZC00058740,,,Animalia,Arthropoda,Insecta,Hymenoptera,Megachilidae,Megachile mendica,16244,"Cresson, 1878",Megachile,,mendica,,,,,Species,,,,,,,,J. Peterman,,,7/4/2022,,,2022,7,4,185,,4-Jul-22,10,,,,,,,,,,,,A. tuberosa x speciosa HF3,,,,Adult,,1,Sweep Net,Pinned,,North America,,,,United States,US,Georgia,Oconee,Watkinsville,"Watkinsville, UGA Horticulture Research Farm",,0,,33.88698953,-83.4205012,,,"33.8869895257040, -83.4205012",,,,,,,,,,,,,,almalove,3/13/2025 12:29,4987109,6,8f45f878-33fc-4a91-aac6-8f171584272e,https://library.big-bee.net/portal/collections/individual/index.php?occid=3610247
3610249,UCSB,IZC,,PreservedSpecimen,f4004379-e2e5-4447-8038-751a381452d1,UCSB-IZC00058743,,,Animalia,Arthropoda,Insecta,Hymenoptera,Andrenidae,Calliopsis andreniformis,1994,"Smith, 1853",Calliopsis,,andreniformis,,,,,Species,MD Ulyshen,2021,,,,,,,,,,,,,,,,,,18; Greenwood 4,,,,,,,,,,,,,,,,Adult,,1,,Pinned,,,,,,,,,,,,,0,,,,,,,,,,,,,,,,,,,,almalove,9/3/2024 18:03,4987111,6,5ca82eda-6a12-4caa-a408-a484db1a4261,https://library.big-bee.net/portal/collections/individual/index.php?occid=3610249
3610266,UCSB,IZC,,PreservedSpecimen,c28a2852-5764-4076-b81d-88812b0b73ca,UCSB-IZC00058762,,,Animalia,Arthropoda,Insecta,Hymenoptera,Andrenidae,Calliopsis andreniformis,1994,"Smith, 1853",Calliopsis,,andreniformis,,,,,Species,MD Ulyshen,2021,,,,,,,,,,,,,,,,,27-May,18; Spring lake,,,,,,,,,,,,,,,,Adult,,1,,Pinned,,,,,,,,,,,,,0,,,,,,,,,,,,,,,,,,,,almalove,9/5/2024 14:59,4987128,6,a43ba4ae-13e8-4e9a-b3d7-53297798ca7a,https://library.big-bee.net/portal/collections/individual/index.php?occid=3610266
3610268,UCSB,IZC,,PreservedSpecimen,dd974373-9675-46d7-8857-9d5e591555b1,UCSB-IZC00058764,,,Animalia,Arthropoda,Insecta,Hymenoptera,Apidae,Ceratina strenua,7922,"Smith, 1879",Ceratina,,strenua,,,,,Species,MD Ulyshen,2021,,,,,,,,,,,,,,,,,,47; Goldenrod 4,,,,,,,,,,,,,,,,Adult,,1,,Pinned,,,,,,,,,,,,,0,,,,,,,,,,,,,,,,,,,,almalove,9/5/2024 15:00,4987130,6,a14252a1-1e31-4e59-8fdb-1124e519cf08,https://library.big-bee.net/portal/collections/individual/index.php?occid=3610268
3610280,UCSB,IZC,,PreservedSpecimen,06056bd6-a496-4209-a097-18871da0054c,UCSB-IZC00058777,,,Animalia,Arthropoda,Insecta,Hymenoptera,Halictidae,Lasioglossum hitchensi,13549,"Gibbs, 2012",Lasioglossum,,hitchensi,,,,,Species,MD Ulyshen,2021,,,,,,A. Janvier,,,6/19/2019,,,2019,6,19,170,,19-21 June 2019,22,,,,,,,,,,,,,,,,Adult,,1,Pan trap,Pinned,,North America,,,,United States,US,Georgia,Clarke,Athens,"Athens, 180 Heidi Pl",,0,,33.897156,-83.341116,,,"33.897156, -83.341116",,,,,,,,,,,,,,almalove,3/13/2025 12:29,4987142,6,ee28f709-18db-42af-bd2e-b0f605565b82,https://library.big-bee.net/portal/collections/individual/index.php?occid=3610280
3610292,UCSB,IZC,,PreservedSpecimen,86a82e67-2750-4203-be67-e575adbcc5a0,UCSB-IZC00058790,,,Animalia,Arthropoda,Insecta,Hymenoptera,Apidae,Ceratina strenua,7922,"Smith, 1879",Ceratina,,strenua,,,,,Species,MD Ulyshen,2021,,,,,,,,,,,,,,,,,,47; Dellwood 2,,,,,,,,,,,,,,,,Adult,,1,,Pinned,,,,,,,,,,,,,0,,,,,,,,,,,,,,,,,,,,almalove,9/5/2024 15:37,4987154,6,a6a209ea-ba45-45d9-b72d-1ad9dd9cf3b3,https://library.big-bee.net/portal/collections/individual/index.php?occid=3610292
3610293,UCSB,IZC,,PreservedSpecimen,67206097-04d5-4fc5-953e-7bee3ae56af6,UCSB-IZC00058791,,,Animalia,Arthropoda,Insecta,Hymenoptera,Andrenidae,Calliopsis andreniformis,1994,"Smith, 1853",Calliopsis,,andreniformis,,,,,Species,MD Ulyshen,2021,,,,,,,,,,,,,,,,,,18; Best 1,,,,,,,,,,,,,,,,Adult,,1,,Pinned,,,,,,,,,,,,,0,,,,,,,,,,,,,,,,,,,,almalove,9/5/2024 15:37,4987155,6,497b4c71-79a1-45a1-8118-75f2e8886f71,https://library.big-bee.net/portal/collections/individual/index.php?occid=3610293
3610313,UCSB,IZC,,PreservedSpecimen,86d77872-b591-4525-97bf-1eb56a495299,UCSB-IZC00059172,,,Animalia,Arthropoda,Insecta,Hymenoptera,Halictidae,Lasioglossum hitchensi,13549,"Gibbs, 2012",Lasioglossum,,hitchensi,,,,,Species,MD Ulyshen,2021,,,,,,A. Janvier,,,6/19/2019,,,2019,6,19,170,,19-21 June 2019,22,,,,,,,,,,,,,,,,Adult,,1,Pan trap,Pinned,,North America,,,,United States,US,Georgia,Clarke,Athens,"Athens, Old Fort Rd",,0,,33.97484,-83.451687,,,"33.97484, -83.451687",,,,,,,,,,,,,,almalove,3/13/2025 12:29,4987175,6,5cd70f98-9cb8-4cec-8437-1b97b0a83ee0,https://library.big-bee.net/portal/collections/individual/index.php?occid=3610313
3610327,UCSB,IZC,,PreservedSpecimen,169352c4-261d-49a3-a6d7-b59a5aeb05d5,UCSB-IZC00059189,,,Animalia,Arthropoda,Insecta,Hymenoptera,Halictidae,Lasioglossum hitchensi,13549,"Gibbs, 2012",Lasioglossum,,hitchensi,,,,,Species,MD Ulyshen,2021,,,,,,A. Janvier,,,6/11/2019,,,2019,6,11,162,,11-13 June 2019,22,,,,,,,,,,,,,,,,Adult,,1,Pan trap,Pinned,,North America,,,,United States,US,Georgia,Clarke,Athens,"Athens, 209 Stonecrest Court",,0,,33.912549,-83.339424,,,"33.912549, -83.339424",,,,,,,,,,,,,,almalove,3/13/2025 12:29,4987189,6,12bf4b7d-3002-4730-a603-b8d6a53a00ee,https://library.big-bee.net/portal/collections/individual/index.php?occid=3610327
3610338,UCSB,IZC,,PreservedSpecimen,c2db4d7e-1a4d-45ed-9176-90f372945e5d,UCSB-IZC00059207,,,Animalia,Arthropoda,Insecta,Hymenoptera,Andrenidae,Panurginus polytrichus,2363,"Cockerell, 1909",Panurginus,,polytrichus,,,,,Species,MD Ulyshen,2021,,,,,,,,,,,,,,,,,,114; Kenney ridge 2,,,,,,,,,,,,,,,,Adult,,1,,Pinned,,,,,,,,,,,,,0,,,,,,,,,,,,,,,,,,,,almalove,9/5/2024 17:10,4987200,6,5abf248a-4d6c-40e3-80b6-15ee576375a7,https://library.big-bee.net/portal/collections/individual/index.php?occid=3610338
3610372,UCSB,IZC,,PreservedSpecimen,c5b287e8-f409-4091-98a0-33ce10a38a56,UCSB-IZC00059219,,,Animalia,Arthropoda,Insecta,Hymenoptera,Halictidae,Lasioglossum hitchensi,13549,"Gibbs, 2012",Lasioglossum,,hitchensi,,,,,Species,MD Ulyshen,2021,,,,,,A. Janvier,,,6/19/2019,,,2019,6,19,170,,19-21 June 2019,22,,,,,,,,,,,,,,,,Adult,,1,Pan trap,Pinned,,North America,,,,United States,US,Georgia,Clarke,Athens,"Athens, 315 Best Dr",,0,,33.958281,-83.407542,,,"33.958281, -83.407542",,,,,,,,,,,,,,almalove,3/13/2025 12:29,4987211,6,09f88c4d-6011-4684-8142-94964d1ab492,https://library.big-bee.net/portal/collections/individual/index.php?occid=3610372
3610380,UCSB,IZC,,PreservedSpecimen,4ee996a7-0020-460e-9e4d-38dbcf6014ca,UCSB-IZC00062586,,,Animalia,Arthropoda,Insecta,Hymenoptera,Andrenidae,Panurginus polytrichus,2363,"Cockerell, 1909",Panurginus,,polytrichus,,,,,Species,MD Ulyshen,2021,,,,,,,,,,,,,,,,,,114; Pinewood 3,,,,,,,,,,,,,,,,Adult,,1,,Pinned,,,,,,,,,,,,,0,,,,,,,,,,,,,,,,,,,,almalove,9/5/2024 17:33,4987219,6,70bfca1c-6d74-4dfb-94f8-cd46131da8d0,https://library.big-bee.net/portal/collections/individual/index.php?occid=3610380
3610383,UCSB,IZC,,PreservedSpecimen,2da032f6-c47c-43ad-9943-203d1303aba3,UCSB-IZC00062589,,,Animalia,Arthropoda,Insecta,Hymenoptera,Apidae,Ceratina strenua,7922,"Smith, 1879",Ceratina,,strenua,,,,,Species,MD Ulyshen,2021,,,,,,,,,,,,,,,,,17-Jun,47; Woodcrest,,,,,,,,,,,,,,,,Adult,,1,,Pinned,,,,,,,,,,,,,0,,,,,,,,,,,,,,,,,,,,almalove,9/5/2024 17:36,4987222,6,104aa716-b09f-4bdf-9552-aeb4cc88f943,https://library.big-bee.net/portal/collections/individual/index.php?occid=3610383
3610388,UCSB,IZC,,PreservedSpecimen,054b77a8-cecb-49e8-a5f5-26c3ba54b605,UCSB-IZC00062594,,,Animalia,Arthropoda,Insecta,Hymenoptera,Apidae,Ceratina strenua,7922,"Smith, 1879",Ceratina,,strenua,,,,,Species,MD Ulyshen,2021,,,,,,,,,,,,,,,,,17-Jun,47; Echo brook,,,,,,,,,,,,,,,,Adult,,1,,Pinned,,,,,,,,,,,,,0,,,,,,,,,,,,,,,,,,,,almalove,9/5/2024 17:46,4987227,6,86a62316-6b72-4762-87db-4da9f9e5911f,https://library.big-bee.net/portal/collections/individual/index.php?occid=3610388
3610389,UCSB,IZC,,PreservedSpecimen,46c51efb-5c70-4c49-8e3a-98fc108146cd,UCSB-IZC00062595,,,Animalia,Arthropoda,Insecta,Hymenoptera,Megachilidae,Megachile mendica,16244,"Cresson, 1878",Megachile,,mendica,,,,,Species,,,,,,,,J. Peterman,,,6/23/2022,,,2022,6,23,174,,23-Jun-22,10,,,,,,,,,,,,A. tuberosa x syriaca HF3.1,,,,Adult,,1,Sweep net,Pinned,,North America,,,,United States,US,Georgia,Oconee,Watkinsville,"Watkinsville, UGA Horticulture Research Farm",,0,,33.88698953,-83.4205012,,,"33.8869895257040, -83.4205012",,,,,,,,,,,,,,almalove,3/13/2025 12:29,4987228,6,6f0a67ae-d983-46cc-b31a-db9e0bb85abb,https://library.big-bee.net/portal/collections/individual/index.php?occid=3610389
3610396,UCSB,IZC,,PreservedSpecimen,776e4b3b-d4c5-40f5-b348-70fdf753b97b,UCSB-IZC00062603,,,Animalia,Arthropoda,Insecta,Hymenoptera,Andrenidae,Panurginus polytrichus,2363,"Cockerell, 1909",Panurginus,,polytrichus,,,,,Species,MD Ulyshen,2021,,,,,,,,,,,,,,,,,,114; Pinewood 3,,,,,,,,,,,,,,,,Adult,,1,,Pinned,,,,,,,,,,,,,0,,,,,,,,,,,,,,,,,,,,almalove,9/5/2024 17:58,4987235,6,bfc14fcc-5fba-4775-8953-c85042b2d21b,https://library.big-bee.net/portal/collections/individual/index.php?occid=3610396
3610405,UCSB,IZC,,PreservedSpecimen,eb0a347a-ac4b-4363-976c-f148e2ab199a,UCSB-IZC00062613,,,Animalia,Arthropoda,Insecta,Hymenoptera,Andrenidae,Panurginus polytrichus,2363,"Cockerell, 1909",Panurginus,,polytrichus,,,,,Species,MD Ulyshen,2021,,,,,,,,,,,,,,,,,,114; Indian lake 3,,,,,,,,,,,,,,,,Adult,,1,,Pinned,,,,,,,,,,,,,0,,,,,,,,,,,,,,,,,,,,almalove,9/6/2024 14:25,4987244,6,391f24db-fd2a-4967-be00-f415342b8878,https://library.big-bee.net/portal/collections/individual/index.php?occid=3610405
3610424,UCSB,IZC,,PreservedSpecimen,7360ddb6-35b6-4580-ad50-fae19c1becc1,UCSB-IZC00062635,,,Animalia,Arthropoda,Insecta,Hymenoptera,Andrenidae,Panurginus polytrichus,2363,"Cockerell, 1909",Panurginus,,polytrichus,,,,,Species,MD Ulyshen,2021,,,,,,,,,,,,,,,,,,114; Kenney Ridge 3,,,,,,,,,,,,,,,,Adult,,1,,Pinned,,,,,,,,,,,,,0,,,,,,,,,,,,,,,,,,,,almalove,9/6/2024 14:38,4987263,6,1eaf6a14-8e77-417e-9d66-06cfd08cf4bb,https://library.big-bee.net/portal/collections/individual/index.php?occid=3610424
3610426,UCSB,IZC,,PreservedSpecimen,a9252f4e-d07a-45b6-a179-c38c6008a8d6,UCSB-IZC00062637,,,Animalia,Arthropoda,Insecta,Hymenoptera,Andrenidae,Calliopsis andreniformis,1994,"Smith, 1853",Calliopsis,,andreniformis,,,,,Species,MD Ulyshen,2021,,,,,,,,,,,,,,,,,,18; Best 1,,,,,,,,,,,,,,,,Adult,,1,,Pinned,,,,,,,,,,,,,0,,,,,,,,,,,,,,,,,,,,almalove,9/6/2024 14:39,4987265,6,8047dac3-297d-4545-b620-0da6747eb0ec,https://library.big-bee.net/portal/collections/individual/index.php?occid=3610426
3610428,UCSB,IZC,,PreservedSpecimen,2adc3fde-8515-42f7-9cc6-d3e0d3a0d2c8,UCSB-IZC00062639,,,Animalia,Arthropoda,Insecta,Hymenoptera,Megachilidae,Megachile mendica,16244,"Cresson, 1878",Megachile,,mendica,,,,,Species,,,,,,,,J. Peterman,,,7/3/2022,,,2022,7,3,184,,3-Jul-22,10,,,,,,,,,,,,A. tuberosa HF2,,,,Adult,,1,Sweep Net,Pinned,,North America,,,,United States,US,Georgia,Oconee,Watkinsville,"Watkinsville, UGA Horticulture Research Farm",,0,,33.88698953,-83.4205012,,,"33.8869895257040, -83.4205012",,,,,,,,,,,,,,almalove,3/13/2025 12:29,4987267,6,917ff4cf-091e-4fb1-9aa8-1b4bc034c382,https://library.big-bee.net/portal/collections/individual/index.php?occid=3610428
3610429,UCSB,IZC,,PreservedSpecimen,4684f221-07ca-4a35-8ed1-c8f6bea7f35f,UCSB-IZC00062640,,,Animalia,Arthropoda,Insecta,Hymenoptera,Megachilidae,Megachile mendica,16244,"Cresson, 1878",Megachile,,mendica,,,,,Species,,,,,,,,J. Peterman,,,7/3/2022,,,2022,7,3,184,,3-Jul-22,10,,,,,,,,,,,,A. tuberosa HF2,,,,Adult,,1,Sweep net,Pinned,,North America,,,,United States,US,Georgia,Oconee,Watkinsville,"Watkinsville, UGA Horticulture Research Farm",,0,,33.88698953,-83.4205012,,,"33.8869895257040, -83.4205012",,,,,,,,,,,,,,almalove,3/13/2025 12:29,4987268,6,6ee29659-9a60-47f9-b579-d3f12f8d0265,https://library.big-bee.net/portal/collections/individual/index.php?occid=3610429
3610443,UCSB,IZC,,PreservedSpecimen,135b4fbd-dc40-4d51-9605-8a208e8c5450,UCSB-IZC00063917,,,Animalia,Arthropoda,Insecta,Hymenoptera,Halictidae,Lasioglossum hitchensi,13549,"Gibbs, 2012",Lasioglossum,,hitchensi,,,,,Species,MD Ulyshen,2021,,,,,,A. Janvier,,,6/11/2019,,,2019,6,11,162,,11-13 June 2019,22,,,,,,,,,,,,,,,,Adult,,1,Pan trap,Pinned,,North America,,,,United States,US,Georgia,Clarke,Athens,"Athens, 150 Dellwood Dr",,0,,33.929058,-83.398665,,,"33.929058, -83.398665",,,,,,,,,,,,,,almalove,3/13/2025 12:29,4987340,6,52aa0a4c-dbc9-4238-b1ee-29143c98a40a,https://library.big-bee.net/portal/collections/individual/index.php?occid=3610443
3610451,UCSB,IZC,,PreservedSpecimen,0091fd48-5e2f-4998-aafb-09e14b3280d5,UCSB-IZC00063940,,,Animalia,Arthropoda,Insecta,Hymenoptera,Halictidae,Lasioglossum hitchensi,13549,"Gibbs, 2012",Lasioglossum,,hitchensi,,,,,Species,MD Ulyshen,2021,,,,,,A. Janvier,,,7/3/2019,,,2019,7,3,184,,3-5 July 2019,22,,,,,,,,,,,,,,,,Adult,,1,Pan trap,Pinned,,North America,,,,United States,US,Georgia,Clarke,Athens,"Athens, 150 Dellwood Dr",,0,,33.929058,-83.398665,,,"33.929058, -83.398665",,,,,,,,,,,,,,almalove,3/13/2025 12:29,4987348,6,3f4b0d0a-657a-4e2c-9aff-e04351449749,https://library.big-bee.net/portal/collections/individual/index.php?occid=3610451
3610455,UCSB,IZC,,PreservedSpecimen,bc8ac0ea-7325-454d-95c2-b4e084b9d061,UCSB-IZC00063954,,,Animalia,Arthropoda,Insecta,Hymenoptera,Halictidae,Lasioglossum hitchensi,13549,"Gibbs, 2012",Lasioglossum,,hitchensi,,,,,Species,MD Ulyshen,2021,,,,,,A. Janvier,,,6/11/2019,,,2019,6,11,162,,11-13 June 2019,22,,,,,,,,,,,,,,,,Adult,,1,Pan trap,Pinned,,North America,,,,United States,US,Georgia,Clarke,Winterville,"Winterville, 240 N Church St",,0,,33.969583,-83.279853,,,"33.969583, -83.279853",,,,,,,,,,,,,,almalove,3/13/2025 12:29,4987352,6,7d208efa-1ee5-4239-b99f-44374d885a58,https://library.big-bee.net/portal/collections/individual/index.php?occid=3610455
3610456,UCSB,IZC,,PreservedSpecimen,134321d8-f2d9-4465-af85-3099f891fc4c,UCSB-IZC00063955,,,Animalia,Arthropoda,Insecta,Hymenoptera,Halictidae,Lasioglossum hitchensi,13549,"Gibbs, 2012",Lasioglossum,,hitchensi,,,,,Species,MD Ulyshen,2021,,,,,,A. Janvier,,,6/25/2019,,,2019,6,25,176,,25-28 June 2019,22,,,,,,,,,,,,,,,,Adult,,1,Pan trap,Pinned,,North America,,,,United States,US,Georgia,Clarke,Athens,"Athens, 209 Stonecrest Court",,0,,33.912549,-83.339424,,,"33.912549, -83.339424",,,,,,,,,,,,,,almalove,3/13/2025 12:29,4987353,6,1dd6249a-9fb7-4a87-af52-d19f970a1e35,https://library.big-bee.net/portal/collections/individual/index.php?occid=3610456
3610481,UCSB,IZC,,PreservedSpecimen,0ac60f18-2ed9-408d-b863-53f92f280200,UCSB-IZC00065364,,,Animalia,Arthropoda,Insecta,Hymenoptera,Andrenidae,Panurginus polytrichus,2363,"Cockerell, 1909",Panurginus,,polytrichus,,,,,Species,MD Ulyshen,2021,,,,,,,,,,,,,,,,,7-Apr,114; Millstone,,,,,,,,,,,,,,,,Adult,,1,,Pinned,,,,,,,,,,,,,0,,,,,,,,,,,,,,,,,,,,almalove,9/6/2024 16:07,4988404,6,9793baf2-e7e0-43c9-9c6d-76ae1baecf09,https://library.big-bee.net/portal/collections/individual/index.php?occid=3610481
3610482,UCSB,IZC,,PreservedSpecimen,11183cc1-ae6e-4789-a773-787f09e8e700,UCSB-IZC00065365,,,Animalia,Arthropoda,Insecta,Hymenoptera,Andrenidae,Panurginus polytrichus,2363,"Cockerell, 1909",Panurginus,,polytrichus,,,,,Species,MD Ulyshen,2021,,,,,,,,,,,,,,,,,,114; Sandwood 3,,,,,,,,,,,,,,,,Adult,,1,,Pinned,,,,,,,,,,,,,0,,,,,,,,,,,,,,,,,,,,almalove,9/6/2024 16:07,4988405,6,e5090e3b-329e-4959-aebf-911676d18ae7,https://library.big-bee.net/portal/collections/individual/index.php?occid=3610482
3610487,UCSB,IZC,,PreservedSpecimen,6c16aedc-691f-4538-8ca4-a82c5a766a0b,UCSB-IZC00065370,,,Animalia,Arthropoda,Insecta,Hymenoptera,Apidae,Ceratina strenua,7922,"Smith, 1879",Ceratina,,strenua,,,,,Species,MD ulyshen,2021,,,,,,,,,,,,,,,,,,47; Cedar springs 1,,,,,,,,,,,,,,,,Adult,,1,,Pinned,,,,,,,,,,,,,0,,,,,,,,,,,,,,,,,,,,almalove,9/6/2024 16:12,4988410,6,8813f787-f47d-4a30-a3c9-2beeccaaf27e,https://library.big-bee.net/portal/collections/individual/index.php?occid=3610487
3610503,UCSB,IZC,,PreservedSpecimen,6c77ddc8-9ac9-4d0e-b8ee-b847c894a603,UCSB-IZC00065388,,,Animalia,Arthropoda,Insecta,Hymenoptera,Andrenidae,Panurginus polytrichus,2363,"Cockerell, 1909",Panurginus,,polytrichus,,,,,Species,MD Ulyshen,2021,,,,,,,,,,,,,,,,,,114; Pinewood 3,,,,,,,,,,,,,,,,Adult,,1,,Pinned,,,,,,,,,,,,,0,,,,,,,,,,,,,,,,,,,,almalove,9/6/2024 16:31,4988426,6,a090109a-50d6-4aae-bdea-bf23006893d6,https://library.big-bee.net/portal/collections/individual/index.php?occid=3610503
3610516,UCSB,IZC,,PreservedSpecimen,92c3d89f-9224-43fd-b360-4e4134908cb0,UCSB-IZC00065404,,,Animalia,Arthropoda,Insecta,Hymenoptera,Apidae,Ceratina strenua,7922,"Smith, 1879",Ceratina,,strenua,,,,,Species,MD Ulyshen,2021,,,,,,,,,,,,,,,,,,47; Goldenrod 1,,,,,,,,,,,,,,,,Adult,,1,,Pinned,,,,,,,,,,,,,0,,,,,,,,,,,,,,,,,,,,almalove,9/6/2024 16:42,4988439,6,36998517-0c5a-47b9-b243-77d94e7da83d,https://library.big-bee.net/portal/collections/individual/index.php?occid=3610516
3610545,UCSB,IZC,,PreservedSpecimen,737e8342-8060-44ed-b147-d7d07a0bf2ba,UCSB-IZC00065437,,,Animalia,Arthropoda,Insecta,Hymenoptera,Andrenidae,Panurginus polytrichus,2363,"Cockerell, 1909",Panurginus,,polytrichus,,,,,Species,MD Ulyshen,2021,,,,,,,,,,,,,,,,,,114; Harperfield 3,,,,,,,,,,,,,,,,Adult,,1,,Pinned,,,,,,,,,,,,,0,,,,,,,,,,,,,,,,,,,,almalove,9/6/2024 17:14,4988468,6,1e8b7657-a68f-4732-accf-7fdb4682f500,https://library.big-bee.net/portal/collections/individual/index.php?occid=3610545
3610549,UCSB,IZC,,PreservedSpecimen,7355e53b-9d50-47fc-beff-2c841da1c9f1,UCSB-IZC00065441,,,Animalia,Arthropoda,Insecta,Hymenoptera,Andrenidae,Panurginus polytrichus,2363,"Cockerell, 1909",Panurginus,,polytrichus,,,,,Species,MD Ulyshen,2021,,,,,,,,,,,,,,,,,,114; Millstone 3,,,,,,,,,,,,,,,,Adult,,1,,Pinned,,,,,,,,,,,,,0,,,,,,,,,,,,,,,,,,,,almalove,9/6/2024 17:16,4988472,6,cf21c2d6-6754-4292-aa86-a7197c0accbd,https://library.big-bee.net/portal/collections/individual/index.php?occid=3610549
3610551,UCSB,IZC,,PreservedSpecimen,a90cea64-34e9-4b4d-bb5e-a9888690c445,UCSB-IZC00065443,,,Animalia,Arthropoda,Insecta,Hymenoptera,Halictidae,Lasioglossum hitchensi,13549,"Gibbs, 2012",Lasioglossum,,hitchensi,,,,,Species,MD Ulyshen,2021,,,,,,A. Janvier,,,6/19/2019,,,2019,6,19,170,,19-21 June 2019,22,,,,,,,,,,,,,,,,Adult,,1,Pan trap,Pinned,,North America,,,,United States,US,Georgia,Clarke,Athens,"Athens, 180 Heidi Pl",,0,,33.897156,-83.341116,,,"33.897156, -83.341116",,,,,,,,,,,,,,almalove,3/13/2025 12:29,4988474,6,2c30af93-917c-4e59-acca-dd904fad7b5e,https://library.big-bee.net/portal/collections/individual/index.php?occid=3610551
4470242,SBMNH,ENT,,PreservedSpecimen,,SBMNHENT0116669,,,Animalia,Arthropoda,Insecta,Hymenoptera,Apidae,Anthophora edwardsii,5957,"Cresson, 1878",Anthophora,,edwardsii,,,,,,,,,,,,,,,,,,,,,,,,,,,,,,,,,,,,,,,,,,,,,,,,,,,,,,,,,,0,,,,,,,,,,,,,,,,,,,,,5/4/2026 18:45,,21,3d9a1254-2e88-40d7-842a-d36211cf7fdd,https://library.big-bee.net/portal/collections/individual/index.php?occid=4470242
4470243,SBMNH,ENT,,PreservedSpecimen,,SBMNHENT0116670,,,Animalia,Arthropoda,Insecta,Hymenoptera,Apidae,Anthophora edwardsii,5957,"Cresson, 1878",Anthophora,,edwardsii,,,,,,,,,,,,,,,,,,,,,,,,,,,,,,,,,,,,,,,,,,,,,,,,,,,,,,,,,,0,,,,,,,,,,,,,,,,,,,,,5/4/2026 18:45,,21,8436c1bd-f2ad-4073-862b-8234209e979e,https://library.big-bee.net/portal/collections/individual/index.php?occid=4470243
4470244,SBMNH,ENT,,PreservedSpecimen,,SBMNHENT0116671,,,Animalia,Arthropoda,Insecta,Hymenoptera,Apidae,Anthophora edwardsii,5957,"Cresson, 1878",Anthophora,,edwardsii,,,,,,,,,,,,,,,,,,,,,,,,,,,,,,,,,,,,,,,,,,,,,,,,,,,,,,,,,,0,,,,,,,,,,,,,,,,,,,,,5/4/2026 18:45,,21,27e435cd-934d-4fec-abd7-6b57d814a235,https://library.big-bee.net/portal/collections/individual/index.php?occid=4470244
4470245,SBMNH,ENT,,PreservedSpecimen,,SBMNHENT0116672,,,Animalia,Arthropoda,Insecta,Hymenoptera,Apidae,Anthophora edwardsii,5957,"Cresson, 1878",Anthophora,,edwardsii,,,,,,,,,,,,,,,,,,,,,,,,,,,,,,,,,,,,,,,,,,,,,,,,,,,,,,,,,,0,,,,,,,,,,,,,,,,,,,,,5/4/2026 18:45,,21,0abf9a35-63ae-4642-85ef-3806e0e590b7,https://library.big-bee.net/portal/collections/individual/index.php?occid=4470245
