,catalogNumber,LM1x,LM2x,LM3x,LM4x,LM5x,LM6x,LM7x,LM8x,LM9x,LM1y,LM2y,LM3y,LM4y,LM5y,LM6y,LM7y,LM8y,LM9y,Species,Genus,Subfamily,Family,Sex,Collection
1,EMEC_1773529_L,0.411108425,0.31927327,0.060569112,-0.074080394,-0.365451627,-0.487873777,-0.029638301,0.046186943,0.119906348,0.159088252,0.242562504,0.188387533,0.192273151,-0.014346275,-0.020794543,-0.141724621,-0.283706961,-0.321739041,Andrena prunorum,Andrena,Andreninae,Andrenidae,Female,UCSB
2,EMEC_1773529_R,0.409733195,0.321628547,0.055188835,-0.074721039,-0.367273158,-0.484701808,-0.02932758,0.047580163,0.121892845,0.155987345,0.244173096,0.189317162,0.191807826,-0.011525618,-0.020831273,-0.14631633,-0.280864788,-0.321747421,Andrena prunorum,Andrena,Andreninae,Andrenidae,Female,UCSB
3,EMEC_1773532_L,0.412560532,0.316853913,0.049378115,-0.082428174,-0.36868485,-0.491721447,-0.021649014,0.056922225,0.1287687,0.151157393,0.236802359,0.177630884,0.188548329,-0.007044288,-0.011544742,-0.137828956,-0.278930498,-0.318790481,Andrena prunorum,Andrena,Andreninae,Andrenidae,Female,UCSB
4,EMEC_1773532_R,0.40931202,0.315983464,0.048010624,-0.084602203,-0.36213242,-0.492851993,-0.019477859,0.057562603,0.128195763,0.15288132,0.239245289,0.17745363,0.188037442,-0.002338312,-0.010713788,-0.139812274,-0.282162247,-0.32259106,Andrena prunorum,Andrena,Andreninae,Andrenidae,Female,UCSB
5,EMEC_1773557_L,0.408870153,0.317669401,0.047397027,-0.073382386,-0.368795934,-0.495587629,-0.027623907,0.05644751,0.135005766,0.150913071,0.234734002,0.179066288,0.195508798,-0.010384179,-0.008933016,-0.15337619,-0.278548452,-0.308980322,Andrena prunorum,Andrena,Andreninae,Andrenidae,Female,UCSB
6,EMEC_1773557_R,0.410518763,0.317391913,0.045694547,-0.075295372,-0.367181175,-0.499813366,-0.028047718,0.056437157,0.14029525,0.144218768,0.235816983,0.177249969,0.192838003,-0.005403799,-0.011840316,-0.15076784,-0.274336279,-0.307775489,Andrena prunorum,Andrena,Andreninae,Andrenidae,Female,UCSB
7,EMEC_1773582_L,0.40950115,0.319695744,0.038020723,-0.094410091,-0.356377252,-0.484525935,-0.023921141,0.056948063,0.135068741,0.149573809,0.241854865,0.180373825,0.186472304,0.002703406,-0.008200173,-0.146550569,-0.288406821,-0.317820646,Andrena prunorum,Andrena,Andreninae,Andrenidae,Female,UCSB
8,EMEC_1773582_R,0.406736065,0.319619551,0.040115216,-0.092212717,-0.357951191,-0.483555892,-0.024760867,0.059584604,0.13242523,0.15417709,0.24013778,0.17878656,0.189464045,0.001910044,-0.007645495,-0.146787558,-0.288375782,-0.321666685,Andrena prunorum,Andrena,Andreninae,Andrenidae,Female,UCSB
9,EMEC_1773606_L,0.414346152,0.320889775,0.046860097,-0.093045871,-0.371817032,-0.495382722,-0.019670601,0.058392943,0.139427258,0.141292214,0.235335977,0.1701491,0.182826389,-0.005283735,-0.004770952,-0.14055082,-0.268209105,-0.310789068,Andrena prunorum,Andrena,Andreninae,Andrenidae,Female,UCSB
10,EMEC_1773606_R,0.414355187,0.316385949,0.047213042,-0.087856001,-0.375395052,-0.490448523,-0.020866271,0.060955896,0.135655773,0.148592322,0.232017908,0.170454854,0.189256985,-0.007774741,-0.00291238,-0.144870659,-0.272648312,-0.312115977,Andrena prunorum,Andrena,Andreninae,Andrenidae,Female,UCSB
11,LACM_ENT247827_L,0.414114681,0.238139073,0.034423859,-0.104702109,-0.365186825,-0.540934442,0.01494041,0.122640642,0.186564711,0.095175833,0.188884057,0.180217655,0.212976499,0.033163144,0.005304219,-0.127215218,-0.270561945,-0.317944244,Hesperapis larreae,Hesperapis,Dasypodainae,Melittidae,Female,LACM
12,LACM_ENT247827_R,0.419753118,0.234969876,0.034952908,-0.104198789,-0.36873431,-0.540667311,0.013555049,0.121665521,0.188703939,0.091354439,0.18820358,0.180145607,0.212106868,0.029380396,0.0057357,-0.121958324,-0.270533562,-0.314434706,Hesperapis larreae,Hesperapis,Dasypodainae,Melittidae,Female,LACM
13,LACM_ENT601903_R,0.413000883,0.229642578,0.027935302,-0.100574886,-0.372232013,-0.536634692,0.016374371,0.129406743,0.193081715,0.088784389,0.189128547,0.183213902,0.216426856,0.033675737,0.01073647,-0.133253218,-0.266757421,-0.321955262,Hesperapis larreae,Hesperapis,Dasypodainae,Melittidae,Female,LACM
14,LACM_ENT601925_L,0.420551041,0.227333898,0.028033869,-0.096786954,-0.371611327,-0.541274797,0.017347122,0.12331886,0.193088288,0.090135795,0.188010492,0.177285495,0.215160535,0.033622071,0.007653735,-0.129084119,-0.26146042,-0.321323584,Hesperapis larreae,Hesperapis,Dasypodainae,Melittidae,Female,LACM
15,LACM_ENT601925_R,0.409959656,0.239559316,0.032306978,-0.100344208,-0.367047095,-0.544598153,0.018895627,0.122425461,0.188842418,0.105152086,0.182079703,0.173396329,0.210050009,0.035169637,0.011115903,-0.128981315,-0.259566128,-0.328416223,Hesperapis larreae,Hesperapis,Dasypodainae,Melittidae,Female,LACM
16,LACM_ENT601968_L,0.397882391,0.252048959,0.03049624,-0.104778191,-0.381292198,-0.547844163,0.031474037,0.133983836,0.188029088,0.093176535,0.179131372,0.176142033,0.205910719,0.037320733,0.013823195,-0.133322837,-0.256850164,-0.315331586,Hesperapis larreae,Hesperapis,Dasypodainae,Melittidae,Female,LACM
17,LACM_ENT601968_R,0.411439994,0.245734991,0.036740592,-0.109978968,-0.376328119,-0.543668632,0.027835161,0.12492415,0.183300832,0.092905322,0.182533373,0.178029965,0.21014634,0.029523611,0.00898156,-0.131610282,-0.255294615,-0.315215275,Hesperapis larreae,Hesperapis,Dasypodainae,Melittidae,Female,LACM
18,LACM_ENT602211_R,0.405160707,0.249296387,0.02994853,-0.110262563,-0.365739068,-0.538544498,0.021760087,0.125036956,0.183343461,0.101442112,0.190701011,0.172424889,0.207299433,0.032316506,0.016657586,-0.131045161,-0.266032305,-0.323764071,Hesperapis larreae,Hesperapis,Dasypodainae,Melittidae,Female,LACM
19,LACM_ENT602232_L,0.401451666,0.233069346,0.044510276,-0.098485479,-0.374197146,-0.5328345,0.020809759,0.119641753,0.186034325,0.106876104,0.190141117,0.181431409,0.216293712,0.030588952,0.012270724,-0.127525153,-0.276431991,-0.333644874,Hesperapis larreae,Hesperapis,Dasypodainae,Melittidae,Female,LACM
20,LACM_ENT602232_R,0.397812083,0.235953736,0.039830681,-0.086017105,-0.371559883,-0.540207207,0.019112066,0.119625117,0.185450513,0.110567998,0.186637926,0.185821012,0.215808321,0.029375734,0.010741899,-0.13107816,-0.274162222,-0.33371251,Hesperapis larreae,Hesperapis,Dasypodainae,Melittidae,Female,LACM
21,LACM_ENT602292_L,0.401824337,0.241465058,0.024810311,-0.108462381,-0.363505165,-0.541131688,0.022208742,0.126456105,0.19633468,0.097641015,0.183768322,0.178107599,0.212300278,0.036515306,0.016631767,-0.127721099,-0.270941817,-0.32630137,Hesperapis larreae,Hesperapis,Dasypodainae,Melittidae,Female,LACM
22,LACM_ENT602292_R,0.398552198,0.243733961,0.037003148,-0.104448964,-0.363589033,-0.542641097,0.018762073,0.123925135,0.188702578,0.10138396,0.190907012,0.179756467,0.206575555,0.037336076,0.011106677,-0.124251344,-0.270042655,-0.332771748,Hesperapis larreae,Hesperapis,Dasypodainae,Melittidae,Female,LACM
23,LACM_ENT602319_L,0.400918863,0.246236288,0.042227114,-0.112263571,-0.367106278,-0.543887437,0.023196093,0.1257705,0.184908427,0.106567202,0.180629308,0.178745596,0.206984482,0.035367604,0.014311204,-0.132489523,-0.26836142,-0.321754453,Hesperapis larreae,Hesperapis,Dasypodainae,Melittidae,Female,LACM
24,LACM_ENT602319_R,0.400089624,0.242769981,0.041428018,-0.106017724,-0.363984191,-0.540063151,0.018450681,0.12347938,0.183847382,0.099667616,0.19434998,0.185319076,0.207265484,0.03646458,0.008669153,-0.131789263,-0.272416874,-0.327529753,Hesperapis larreae,Hesperapis,Dasypodainae,Melittidae,Female,LACM
25,SBMNH_ENT0116669_L,0.502539036,0.37238008,-0.105129735,-0.21492357,-0.402448805,-0.426646369,0.033635963,0.076718003,0.163875397,0.114460461,0.199505972,0.084247469,0.10249422,0.034612414,0.046786882,-0.073540035,-0.223795639,-0.284771744,Anthophora edwardsii,Anthophora,Apinae,Apidae,Female,SBMNH
26,SBMNH_ENT0116669_L,0.502539036,0.37238008,-0.105129735,-0.21492357,-0.402448805,-0.426646369,0.033635963,0.076718003,0.163875397,0.114460461,0.199505972,0.084247469,0.10249422,0.034612414,0.046786882,-0.073540035,-0.223795639,-0.284771744,Anthophora edwardsii,Anthophora,Apinae,Apidae,Female,SBMNH
27,SBMNH_ENT0116669_R,0.501161954,0.369998647,-0.106307542,-0.210685416,-0.404862945,-0.427111249,0.036437125,0.074416574,0.166952853,0.116782373,0.194463264,0.087259391,0.104470206,0.030772557,0.048563301,-0.070103815,-0.223674047,-0.28853323,Anthophora edwardsii,Anthophora,Apinae,Apidae,Female,SBMNH
28,SBMNH_ENT0116669_R,0.501161954,0.369998647,-0.106307542,-0.210685416,-0.404862945,-0.427111249,0.036437125,0.074416574,0.166952853,0.116782373,0.194463264,0.087259391,0.104470206,0.030772557,0.048563301,-0.070103815,-0.223674047,-0.28853323,Anthophora edwardsii,Anthophora,Apinae,Apidae,Female,SBMNH
29,SBMNH_ENT0116670_L,0.494766209,0.374236885,-0.086700598,-0.224478544,-0.403447769,-0.435395626,0.03645037,0.074144143,0.170424929,0.130423155,0.174365292,0.089440426,0.103429421,0.034197263,0.050981052,-0.082157627,-0.222908448,-0.277770534,Anthophora edwardsii,Anthophora,Apinae,Apidae,Female,SBMNH
30,SBMNH_ENT0116670_R,0.500363408,0.37645875,-0.091338974,-0.221969638,-0.405216738,-0.427088906,0.030919845,0.072328525,0.165543727,0.142060641,0.166478078,0.092735579,0.103780841,0.033171131,0.048129563,-0.083001479,-0.226203663,-0.277150691,Anthophora edwardsii,Anthophora,Apinae,Apidae,Female,SBMNH
31,SBMNH_ENT0116671_L,0.493049302,0.370246257,-0.108458227,-0.209351335,-0.408489898,-0.437692829,0.043566218,0.080865234,0.176265278,0.123088486,0.183054716,0.075819519,0.097462775,0.040374463,0.059462341,-0.069097387,-0.224569379,-0.285595533,Anthophora edwardsii,Anthophora,Apinae,Apidae,Female,SBMNH
32,SBMNH_ENT0116671_R,0.493754127,0.369363322,-0.101159506,-0.2180975,-0.407567299,-0.438161502,0.044642899,0.082588312,0.174637147,0.123451164,0.177023609,0.076339423,0.104624627,0.035182743,0.058637253,-0.066482734,-0.222844947,-0.285931137,Anthophora edwardsii,Anthophora,Apinae,Apidae,Female,SBMNH
33,SBMNH_ENT0116672_L,0.49973127,0.370688449,-0.109148493,-0.212592157,-0.410637591,-0.435482845,0.041520424,0.081201717,0.174719224,0.121709947,0.175066671,0.080647582,0.102827122,0.034668821,0.055097143,-0.066548956,-0.225379718,-0.278088611,Anthophora edwardsii,Anthophora,Apinae,Apidae,Female,SBMNH
34,SBMNH_ENT0116672_R,0.498892874,0.360707695,-0.10300054,-0.203062206,-0.413048282,-0.454066368,0.04721568,0.087635324,0.178725823,0.107475763,0.174055664,0.083257508,0.104719864,0.03408299,0.052206986,-0.064415884,-0.216187921,-0.275194971,Anthophora edwardsii,Anthophora,Apinae,Apidae,Female,SBMNH
35,UCSB_IZC00000964_L,0.458385977,0.380981633,-0.098740286,-0.210375893,-0.371220016,-0.437019021,0.015490152,0.083852798,0.178644657,0.114514447,0.214671419,0.101556488,0.12144717,0.031038753,0.058675237,-0.112564714,-0.228164015,-0.301174784,Bombus vosnesenskii,Bombus,Apinae,Apidae,Female,UCSB
36,UCSB_IZC00000964_R,0.45907842,0.385361083,-0.096962926,-0.209717606,-0.368990126,-0.434135918,0.010711378,0.079818667,0.174837029,0.119451873,0.213847529,0.10175655,0.127170894,0.028167969,0.053225771,-0.113612363,-0.229384745,-0.300623478,Bombus vosnesenskii,Bombus,Apinae,Apidae,Female,UCSB
37,UCSB_IZC00005855_L,0.409801333,0.281174984,-0.011825629,-0.120863653,-0.338271464,-0.501423995,0.023980704,0.098840945,0.158586775,0.133543292,0.204471645,0.175273001,0.20895611,0.037501655,0.014936946,-0.169092671,-0.285636679,-0.3199533,Ceratina punctagena,Ceratina,Xylocopinae,Apidae,Female,UCSB
38,UCSB_IZC00005855_R,0.406358796,0.282941541,-0.013817642,-0.122758996,-0.3386229,-0.499125172,0.023641173,0.100150137,0.161233063,0.133638817,0.205486342,0.177327354,0.205675492,0.043760468,0.016323735,-0.179063754,-0.283979524,-0.319168931,Ceratina punctagena,Ceratina,Xylocopinae,Apidae,Female,UCSB
39,UCSB_IZC00006181_L,0.4644232,0.420648438,-0.103099645,-0.213829291,-0.37025248,-0.440079995,0.02014738,0.075204501,0.146837892,0.117008209,0.22085059,0.093476444,0.11043107,0.022923502,0.038985124,-0.095247341,-0.220402334,-0.288025264,Bombus vosnesenskii,Bombus,Apinae,Apidae,Female,UCSB
40,UCSB_IZC00006181_R,0.467200097,0.422340618,-0.100843194,-0.211278506,-0.363717189,-0.447575237,0.019924596,0.071799449,0.142149365,0.117698258,0.222193311,0.092223204,0.110487647,0.022677771,0.033037729,-0.094870401,-0.214802737,-0.288644782,Bombus vosnesenskii,Bombus,Apinae,Apidae,Female,UCSB
41,UCSB_IZC00008208_L,0.400880817,0.312927682,-0.0189458,-0.122548721,-0.329090923,-0.487757086,0.014127707,0.082609356,0.147796968,0.114929584,0.247713802,0.173331686,0.210276712,0.037235292,-0.001233211,-0.180674863,-0.294481283,-0.307097719,Agapostemon texanus,Agapostemon,Halictinae,Halictidae,Female,UCSB
42,UCSB_IZC00008208_R,0.399790736,0.313416023,-0.026767267,-0.124580893,-0.335037058,-0.478346191,0.014898886,0.087558577,0.149067186,0.11362204,0.247986074,0.175425426,0.209655914,0.031927688,0.008128525,-0.18157002,-0.296596187,-0.308579459,Agapostemon texanus,Agapostemon,Halictinae,Halictidae,Female,UCSB
43,UCSB_IZC00009007_L,0.488711164,0.300425957,-0.006607383,-0.166696701,-0.349913549,-0.418643122,-0.054112023,0.04868312,0.158152537,0.210818256,0.199786994,0.13349713,0.141987033,0.039690652,0.035294766,-0.170268223,-0.270529316,-0.320277291,Apis mellifera,Apis,Apinae,Apidae,Female,UCSB
44,UCSB_IZC00009007_R,0.496632045,0.293407418,-0.006255214,-0.158799427,-0.354740973,-0.427156031,-0.053400244,0.053338747,0.156973678,0.20492218,0.192877439,0.136186967,0.143494904,0.03773298,0.029162908,-0.164326178,-0.263376972,-0.316674228,Apis mellifera,Apis,Apinae,Apidae,Female,UCSB
45,UCSB_IZC00009049_L,0.488323969,0.29569109,-0.004174022,-0.170767918,-0.358031938,-0.432405967,-0.042884677,0.058612632,0.165636831,0.189125883,0.193500982,0.135723867,0.142587819,0.040662176,0.03116517,-0.155815896,-0.261106123,-0.315843878,Apis mellifera,Apis,Apinae,Apidae,Female,UCSB
46,UCSB_IZC00009049_R,0.482786005,0.297361217,0.002989431,-0.171244519,-0.355636239,-0.43490239,-0.046292015,0.05876558,0.166172931,0.184715089,0.197644146,0.139573289,0.146625654,0.037616899,0.028174379,-0.156794288,-0.259631416,-0.317923752,Apis mellifera,Apis,Apinae,Apidae,Female,UCSB
47,UCSB_IZC00009052_L,0.483251616,0.292258182,0.002864872,-0.166392556,-0.349111242,-0.438636792,-0.041336123,0.054158713,0.162943329,0.197580157,0.190865233,0.141826057,0.146353722,0.04518195,0.025328235,-0.162243795,-0.264969028,-0.31992253,Apis mellifera,Apis,Apinae,Apidae,Female,UCSB
48,UCSB_IZC00009052_R,0.478354094,0.284617638,0.010675101,-0.167564849,-0.348614732,-0.439247029,-0.037525221,0.057891727,0.161413272,0.193063013,0.194727782,0.147192691,0.151365789,0.042744289,0.025181413,-0.158600856,-0.266442825,-0.329231296,Apis mellifera,Apis,Apinae,Apidae,Female,UCSB
49,UCSB_IZC00009089_L,0.448304208,0.389346271,-0.090138445,-0.19657287,-0.370986122,-0.448419939,0.015728252,0.080240387,0.172498258,0.119597329,0.213476086,0.100793756,0.126596014,0.025784756,0.050431044,-0.104240601,-0.230361475,-0.30207691,Bombus vosnesenskii,Bombus,Apinae,Apidae,Female,UCSB
50,UCSB_IZC00009089_R,0.447788521,0.386606691,-0.084223059,-0.201011158,-0.373427699,-0.446623886,0.018085273,0.083087997,0.169717322,0.116813549,0.212956794,0.106480833,0.127981524,0.027043306,0.046696071,-0.105841827,-0.226696034,-0.305434216,Bombus vosnesenskii,Bombus,Apinae,Apidae,Female,UCSB
51,UCSB_IZC00009102_L,0.45863239,0.406225793,-0.098731243,-0.203699804,-0.369319737,-0.430863161,0.006468087,0.076367659,0.154920016,0.123579854,0.223468974,0.102592154,0.121152112,0.021908184,0.044150794,-0.111366385,-0.230800841,-0.294684846,Bombus vosnesenskii,Bombus,Apinae,Apidae,Female,UCSB
52,UCSB_IZC00009102_R,0.452508368,0.403291662,-0.091050586,-0.202355697,-0.367667514,-0.441307234,0.006747333,0.082510845,0.157322823,0.118896437,0.220909205,0.105092887,0.123371219,0.029705966,0.038532069,-0.113645729,-0.233123024,-0.289739029,Bombus vosnesenskii,Bombus,Apinae,Apidae,Female,UCSB
53,UCSB_IZC00009200_R,0.459875654,0.383269152,-0.07012019,-0.20549674,-0.405469867,-0.44246933,0.045117693,0.073580834,0.161712794,0.102680465,0.219108848,0.099280279,0.112236406,0.023943131,0.046714655,-0.084117464,-0.238633705,-0.281212614,Habropoda depressa,Habropoda,Apinae,Apidae,Female,UCSB
54,UCSB_IZC00009790_L,0.456585359,0.381995989,-0.066789432,-0.212039855,-0.404572612,-0.433756933,0.03715814,0.07214387,0.169275473,0.099091895,0.229302475,0.097964015,0.112169662,0.027070673,0.050971596,-0.092872786,-0.240477858,-0.283219672,Habropoda depressa,Habropoda,Apinae,Apidae,Female,UCSB
55,UCSB_IZC00009790_R,0.452881401,0.381600752,-0.066743474,-0.205030231,-0.40467333,-0.439484546,0.042606489,0.073693022,0.165149917,0.095980718,0.227372441,0.09956962,0.125565801,0.01698542,0.048939465,-0.091526816,-0.239735879,-0.283150771,Habropoda depressa,Habropoda,Apinae,Apidae,Female,UCSB
56,UCSB_IZC00009829_L,0.444501607,0.266952457,-0.024285562,-0.166727427,-0.368210777,-0.448315289,0.042954651,0.09166567,0.161464672,0.143696937,0.2085638,0.145906643,0.165398958,0.026845786,0.055414763,-0.093037578,-0.291415738,-0.361373571,Eucera actuosa,Eucera,Apinae,Apidae,Female,UCSB
57,UCSB_IZC00009970_L,0.43766398,0.289891037,-0.01250172,-0.202437191,-0.390236113,-0.43715785,0.037768078,0.104498925,0.172510854,0.126905869,0.199483406,0.152864995,0.148702053,0.030143258,0.062711008,-0.100851007,-0.293377438,-0.326582143,Osmia nemoris,Osmia,Megachilinae,Megachilidae,Female,UCSB
58,UCSB_IZC00009970_R,0.435723544,0.288955696,-0.005078906,-0.199474681,-0.39002888,-0.446152673,0.039655078,0.102974886,0.173425935,0.120328286,0.196801288,0.161376173,0.150660615,0.028147765,0.054351431,-0.096241899,-0.290110917,-0.325312742,Osmia nemoris,Osmia,Megachilinae,Megachilidae,Female,UCSB
59,UCSB_IZC00010266_L,0.469566338,0.307989149,-0.105571538,-0.182095229,-0.356172284,-0.398336521,-0.044270124,0.091446266,0.217443942,0.143633775,0.207231551,0.134640235,0.15369798,0.047437197,0.07620062,-0.180672926,-0.273148627,-0.309019804,Xylocopa tabaniformis orpifex,Xylocopa,Xylocopinae,Apidae,Female,UCSB
60,UCSB_IZC00010266_R,0.470754498,0.305510461,-0.104015551,-0.178999001,-0.353962534,-0.401273769,-0.043115985,0.091105992,0.213995888,0.143891694,0.20451401,0.137696251,0.160370876,0.047204868,0.068973797,-0.180326961,-0.271750165,-0.310574369,Xylocopa tabaniformis orpifex,Xylocopa,Xylocopinae,Apidae,Female,UCSB
61,UCSB_IZC00010287_L,0.44943059,0.387394681,-0.068466033,-0.207324414,-0.405801909,-0.438296142,0.044310516,0.079815173,0.158937537,0.096966473,0.228736995,0.101377842,0.116911094,0.023167792,0.047173117,-0.088253423,-0.23903557,-0.287044319,Habropoda depressa,Habropoda,Apinae,Apidae,Female,UCSB
62,UCSB_IZC00010287_R,0.452264739,0.388812435,-0.069859644,-0.20649816,-0.406301182,-0.430392121,0.044251101,0.074598442,0.15312439,0.107360636,0.22678903,0.098811434,0.120926452,0.023457369,0.043777052,-0.088327276,-0.242726855,-0.290067842,Habropoda depressa,Habropoda,Apinae,Apidae,Female,UCSB
63,UCSB_IZC00010301_L,0.459911503,0.297236037,-0.10655245,-0.185555544,-0.347861304,-0.418587678,-0.02846265,0.100857061,0.229015024,0.124133894,0.207216458,0.137316702,0.155640721,0.058338248,0.075301976,-0.173384148,-0.269952705,-0.314611146,Xylocopa tabaniformis orpifex,Xylocopa,Xylocopinae,Apidae,Female,UCSB
64,UCSB_IZC00010301_R,0.462599054,0.300204739,-0.104242063,-0.197845417,-0.344991815,-0.406103613,-0.033914129,0.095309769,0.228983475,0.127298206,0.212558714,0.13626225,0.155298706,0.059887949,0.075869093,-0.17920406,-0.273470616,-0.314500244,Xylocopa tabaniformis orpifex,Xylocopa,Xylocopinae,Apidae,Female,UCSB
65,UCSB_IZC00010315_L,0.473593395,0.310491013,-0.096411661,-0.174423339,-0.342990025,-0.428720233,-0.027409235,0.080640679,0.205229407,0.146009779,0.206205522,0.12555499,0.145392851,0.054425257,0.06008933,-0.164578997,-0.259313297,-0.313785435,Xylocopa tabaniformis orpifex,Xylocopa,Xylocopinae,Apidae,Female,UCSB
66,UCSB_IZC00010315_R,0.475049426,0.31901153,-0.104033075,-0.178212301,-0.346103688,-0.416524901,-0.032752593,0.079822546,0.203743055,0.147151684,0.209088916,0.121042105,0.1496404,0.051149086,0.06020315,-0.167231198,-0.255627209,-0.315416934,Xylocopa tabaniformis orpifex,Xylocopa,Xylocopinae,Apidae,Female,UCSB
67,UCSB_IZC00010322_L,0.489175171,0.363503737,-0.094610264,-0.216104073,-0.40359789,-0.439495264,0.038156497,0.082732058,0.180240028,0.117381376,0.181114098,0.089125594,0.108051174,0.034836506,0.056427941,-0.076891147,-0.223142226,-0.286903315,Anthophora edwardsii,Anthophora,Apinae,Apidae,Female,UCSB
68,UCSB_IZC00010322_R,0.50054902,0.357650929,-0.105290606,-0.209922753,-0.405325447,-0.438388607,0.037783751,0.084329803,0.178613911,0.112160474,0.185138898,0.084679334,0.104437607,0.038069614,0.053294103,-0.069003996,-0.220717603,-0.28805843,Anthophora edwardsii,Anthophora,Apinae,Apidae,Female,UCSB
69,UCSB_IZC00010360_L,0.480859842,0.292924589,0.002175108,-0.151523174,-0.365136305,-0.416685452,-0.047879701,0.049842256,0.155422837,0.206756153,0.201580595,0.142363513,0.151987512,0.031550943,0.031861593,-0.167499855,-0.272300197,-0.326300257,Apis mellifera,Apis,Apinae,Apidae,Female,UCSB
70,UCSB_IZC00010360_R,0.477372524,0.290210496,0.01266684,-0.14650875,-0.354199602,-0.438791981,-0.049155396,0.049977661,0.158428207,0.202219931,0.193370126,0.148719327,0.158609789,0.034612814,0.018370261,-0.164152116,-0.26970217,-0.322047962,Apis mellifera,Apis,Apinae,Apidae,Female,UCSB
71,UCSB_IZC00010379_L,0.496468082,0.348127756,-0.097796528,-0.211880721,-0.408557973,-0.434613606,0.03702016,0.088272651,0.182960178,0.115588913,0.178472851,0.093078779,0.110597336,0.040950259,0.056357397,-0.082363057,-0.229003782,-0.283678694,Anthophora edwardsii,Anthophora,Apinae,Apidae,Female,UCSB
72,UCSB_IZC00010379_R,0.500425411,0.345103886,-0.102047301,-0.213368978,-0.403963211,-0.434572947,0.038100401,0.084977493,0.185345249,0.114705228,0.180108264,0.092916471,0.109315214,0.040647793,0.058968934,-0.083608448,-0.229114377,-0.283939079,Anthophora edwardsii,Anthophora,Apinae,Apidae,Female,UCSB
73,UCSB_IZC00010381_L,0.464745561,0.30615722,0.015392586,-0.171343331,-0.370909114,-0.432123296,-0.038781254,0.063739275,0.163122353,0.189982477,0.193837969,0.140366737,0.147605641,0.038575955,0.031366768,-0.162096078,-0.264252126,-0.315387343,Apis mellifera,Apis,Apinae,Apidae,Female,UCSB
74,UCSB_IZC00010381_R,0.472124097,0.295713369,0.020744344,-0.164100765,-0.370312456,-0.439038815,-0.039280027,0.060384167,0.163766087,0.191388449,0.192898245,0.138371695,0.146417849,0.040450785,0.029604392,-0.162943672,-0.265080874,-0.311106868,Apis mellifera,Apis,Apinae,Apidae,Female,UCSB
75,UCSB_IZC00010403_L,0.448891123,0.388597214,-0.0822782,-0.217787031,-0.369305126,-0.430633644,0.012207586,0.080462076,0.169846001,0.124132285,0.220847187,0.100022581,0.121682326,0.033937435,0.053452387,-0.107588797,-0.241339647,-0.305145757,Bombus vosnesenskii,Bombus,Apinae,Apidae,Female,UCSB
76,UCSB_IZC00010403_R,0.451860905,0.381785757,-0.085473173,-0.217222073,-0.372320788,-0.427175686,0.013006067,0.081095546,0.174443445,0.121177505,0.219897142,0.100848948,0.126258556,0.030832777,0.057484276,-0.111667246,-0.23763305,-0.307198909,Bombus vosnesenskii,Bombus,Apinae,Apidae,Female,UCSB
77,UCSB_IZC00010413_L,0.48352461,0.293029643,0.006305308,-0.162717221,-0.357285496,-0.445129734,-0.040029572,0.052646679,0.169655784,0.190634904,0.189782413,0.135084895,0.145145289,0.040477248,0.027486985,-0.152430241,-0.263061871,-0.313119622,Apis mellifera,Apis,Apinae,Apidae,Female,UCSB
78,UCSB_IZC00010413_R,0.482403722,0.287502261,0.001807219,-0.159907832,-0.364720842,-0.442982789,-0.036334373,0.055993104,0.17623953,0.187498655,0.187879353,0.131600822,0.148103108,0.041108366,0.032670252,-0.152471621,-0.260201781,-0.316187156,Apis mellifera,Apis,Apinae,Apidae,Female,UCSB
79,UCSB_IZC00010425_L,0.447709674,0.369473564,-0.112823344,-0.215222671,-0.363947973,-0.426900358,0.027483353,0.092914897,0.181312857,0.112731239,0.221731283,0.099149253,0.133346162,0.047466871,0.06144915,-0.112736542,-0.249078707,-0.314058709,Bombus californicus,Bombus,Apinae,Apidae,Female,UCSB
80,UCSB_IZC00010425_R,0.443852835,0.365660118,-0.110163307,-0.215635616,-0.359826173,-0.429034977,0.025874763,0.093103377,0.186168978,0.109727898,0.22495954,0.101170871,0.135772582,0.047237198,0.063777,-0.115932028,-0.249314566,-0.317398494,Bombus californicus,Bombus,Apinae,Apidae,Female,UCSB
81,UCSB_IZC00010431_L,0.45222415,0.370632476,-0.113963771,-0.233726922,-0.353990945,-0.413735556,0.021063685,0.090487973,0.18100891,0.118787926,0.226512555,0.10020168,0.126392438,0.049768507,0.068624587,-0.11872579,-0.253110064,-0.318451839,Bombus californicus,Bombus,Apinae,Apidae,Female,UCSB
82,UCSB_IZC00010431_R,0.454062978,0.371192671,-0.121580163,-0.21799625,-0.357593807,-0.419813193,0.02267114,0.090980652,0.178075973,0.118412425,0.225579717,0.099200816,0.125029762,0.048968568,0.06526267,-0.11377335,-0.253487503,-0.315193104,Bombus californicus,Bombus,Apinae,Apidae,Female,UCSB
83,UCSB_IZC00010460_L,0.446481006,0.378017559,-0.111689446,-0.209677547,-0.358178693,-0.4298381,0.018900063,0.090199395,0.175785762,0.114868066,0.224655776,0.105403855,0.132393632,0.041012803,0.05822386,-0.117908186,-0.25149361,-0.307156195,Bombus californicus,Bombus,Apinae,Apidae,Female,UCSB
84,UCSB_IZC00010460_R,0.442456158,0.375384064,-0.112341416,-0.204097599,-0.36317244,-0.430885687,0.019667045,0.090643435,0.18234644,0.112789274,0.221498468,0.109755628,0.133972063,0.039751991,0.060413019,-0.120390848,-0.250452021,-0.307337576,Bombus californicus,Bombus,Apinae,Apidae,Female,UCSB
85,UCSB_IZC00010478_L,0.443979392,0.382563897,-0.105660099,-0.216167238,-0.364592297,-0.42065785,0.020766538,0.087036841,0.172730815,0.126780465,0.224435706,0.095343036,0.128396094,0.042691324,0.063513812,-0.115813062,-0.251578204,-0.31376917,Bombus californicus,Bombus,Apinae,Apidae,Female,UCSB
86,UCSB_IZC00010478_R,0.447628904,0.375757863,-0.097789573,-0.216539665,-0.363598271,-0.43504378,0.02750602,0.081090413,0.180988089,0.121111038,0.216235069,0.097185568,0.127909128,0.040523345,0.061959333,-0.109897135,-0.247475975,-0.307550371,Bombus californicus,Bombus,Apinae,Apidae,Female,UCSB
87,UCSB_IZC00010479_L,0.473816198,0.299639773,0.030641952,-0.176421394,-0.361668355,-0.44025329,-0.051466001,0.057950994,0.167760124,0.185207314,0.198968325,0.14371464,0.138946398,0.040942856,0.026453347,-0.163860184,-0.25934526,-0.311027437,Apis mellifera,Apis,Apinae,Apidae,Female,UCSB
88,UCSB_IZC00010479_R,0.479547368,0.30210354,0.03446967,-0.179578447,-0.375109586,-0.435654896,-0.049269924,0.053600454,0.169891821,0.191178613,0.191426611,0.135856266,0.13222227,0.03613848,0.033283553,-0.159262458,-0.253669656,-0.307173679,Apis mellifera,Apis,Apinae,Apidae,Female,UCSB
89,UCSB_IZC00010507_L,0.47642378,0.294893937,0.011702613,-0.158885398,-0.364247407,-0.44520445,-0.039889171,0.063593879,0.161612217,0.184902511,0.190954815,0.141945378,0.152005556,0.03841426,0.021478271,-0.155172239,-0.261057873,-0.313470678,Apis mellifera,Apis,Apinae,Apidae,Female,UCSB
90,UCSB_IZC00010507_R,0.477716677,0.295244642,0.007536882,-0.153501264,-0.364625373,-0.442980184,-0.042569327,0.060404872,0.162773075,0.185691544,0.193468397,0.139302888,0.154887361,0.035212272,0.022181686,-0.15495946,-0.262184567,-0.31360012,Apis mellifera,Apis,Apinae,Apidae,Female,UCSB
91,UCSB_IZC00010508_L,0.489383297,0.285205276,0.018539048,-0.154055019,-0.359039651,-0.434727041,-0.052311558,0.052695392,0.154310256,0.20924224,0.189387215,0.142726536,0.148933363,0.035120307,0.025286323,-0.168283136,-0.263309317,-0.319103531,Apis mellifera,Apis,Apinae,Apidae,Female,UCSB
92,UCSB_IZC00010508_R,0.492851316,0.291843272,0.012253489,-0.160834559,-0.35897437,-0.430876277,-0.051438092,0.051005957,0.154169262,0.20262151,0.194147151,0.139799157,0.147031452,0.035452981,0.024010532,-0.168513049,-0.25927865,-0.315271084,Apis mellifera,Apis,Apinae,Apidae,Female,UCSB
93,UCSB_IZC00010536_L,0.48347495,0.310312735,0.014059186,-0.148884285,-0.360097906,-0.422340874,-0.05723429,0.040918524,0.13979196,0.216267846,0.208257844,0.13698607,0.143852798,0.025759318,0.024562898,-0.171015681,-0.265758801,-0.318912292,Apis mellifera,Apis,Apinae,Apidae,Female,UCSB
94,UCSB_IZC00010536_R,0.494768524,0.304599558,0.00980076,-0.149551276,-0.357793745,-0.427303626,-0.057231418,0.039453884,0.143257339,0.215754264,0.19968912,0.136468679,0.141779899,0.028132072,0.021853096,-0.167856078,-0.261126141,-0.314694911,Apis mellifera,Apis,Apinae,Apidae,Female,UCSB
95,UCSB_IZC00010537_L,0.486472728,0.300473521,-0.007520506,-0.162157534,-0.35663161,-0.424015404,-0.043138526,0.051732117,0.154785215,0.203628665,0.195332098,0.137886548,0.1458432,0.035440942,0.029890768,-0.157387372,-0.269202437,-0.321432412,Apis mellifera,Apis,Apinae,Apidae,Female,UCSB
96,UCSB_IZC00010537_R,0.482667437,0.303439574,-0.001822351,-0.163598334,-0.356845298,-0.425641566,-0.043891119,0.051430732,0.154260926,0.197540004,0.204180256,0.137148576,0.143726069,0.037970097,0.027860481,-0.162522698,-0.26602081,-0.319881976,Apis mellifera,Apis,Apinae,Apidae,Female,UCSB
97,UCSB_IZC00010546_L,0.453764932,0.370125894,-0.131414643,-0.210918838,-0.350181953,-0.431689392,0.024063996,0.089931419,0.186318586,0.122497984,0.216202096,0.093310835,0.128123654,0.052396766,0.068291409,-0.118874475,-0.250815099,-0.31113317,Bombus californicus,Bombus,Apinae,Apidae,Female,UCSB
98,UCSB_IZC00010546_R,0.447614234,0.370437134,-0.121897612,-0.219008996,-0.35285909,-0.426255478,0.027467055,0.089594028,0.184908725,0.124171984,0.216833939,0.09709843,0.128361343,0.056338728,0.065893759,-0.118023327,-0.254654024,-0.316020832,Bombus californicus,Bombus,Apinae,Apidae,Female,UCSB
99,UCSB_IZC00010554_L,0.483516468,0.292983069,0.00149553,-0.153964962,-0.366791555,-0.444317859,-0.041392155,0.054377436,0.174094028,0.180430694,0.189484019,0.143820514,0.150076991,0.037630772,0.025014697,-0.169059784,-0.253427023,-0.303970878,Apis mellifera,Apis,Apinae,Apidae,Female,UCSB
100,UCSB_IZC00010554_R,0.476869517,0.296836751,0.014137052,-0.147089241,-0.355142886,-0.46852902,-0.040754607,0.055436383,0.168236051,0.177349803,0.189501428,0.144780649,0.151951529,0.041912953,0.011418865,-0.168026434,-0.247982018,-0.300906775,Apis mellifera,Apis,Apinae,Apidae,Female,UCSB
101,UCSB_IZC00010556_L,0.476522655,0.304630621,0.003730257,-0.159981765,-0.360612486,-0.43722046,-0.046649886,0.060079078,0.159501985,0.188290011,0.199346697,0.139624627,0.148516239,0.033379805,0.028706203,-0.167148191,-0.259125025,-0.311590368,Apis mellifera,Apis,Apinae,Apidae,Female,UCSB
102,UCSB_IZC00010556_R,0.476420933,0.301466243,0.005062567,-0.156137228,-0.354136676,-0.455249126,-0.041183463,0.064510894,0.159245856,0.186919983,0.188807555,0.140504241,0.149792352,0.040410952,0.019762786,-0.161402746,-0.253009894,-0.311785229,Apis mellifera,Apis,Apinae,Apidae,Female,UCSB
103,UCSB_IZC00010847_L,0.473493616,0.2927272,0.007830583,-0.175482837,-0.356775016,-0.428576578,-0.03460084,0.057126614,0.164257257,0.194381961,0.197012681,0.143980061,0.144059247,0.044185183,0.032855295,-0.159498546,-0.266069932,-0.330905949,Apis mellifera,Apis,Apinae,Apidae,Female,UCSB
104,UCSB_IZC00010847_R,0.47216678,0.296336356,0.011610365,-0.179395382,-0.351056845,-0.431205477,-0.038472676,0.058028542,0.161988339,0.192823173,0.197877505,0.146882146,0.144791987,0.046021649,0.02656125,-0.158501069,-0.265401861,-0.33105478,Apis mellifera,Apis,Apinae,Apidae,Female,UCSB
105,UCSB_IZC00010881_L,0.466448912,0.285763182,0.031236856,-0.147659204,-0.344984604,-0.451024578,-0.043299429,0.047795638,0.155723226,0.195866701,0.201307295,0.157346522,0.162376374,0.040890825,0.007751282,-0.167397356,-0.271323795,-0.326817847,Apis mellifera,Apis,Apinae,Apidae,Female,UCSB
106,UCSB_IZC00010881_R,0.462603722,0.284334136,0.033139883,-0.156956293,-0.348658587,-0.437003882,-0.047002259,0.050651882,0.158891399,0.20029193,0.201166254,0.162129714,0.16109212,0.038419274,0.01731221,-0.171495418,-0.274689177,-0.334226906,Apis mellifera,Apis,Apinae,Apidae,Female,UCSB
107,UCSB_IZC00010896_L,0.478728663,0.317795125,-0.10093174,-0.179667987,-0.348232438,-0.412502742,-0.039655261,0.083480905,0.200985474,0.150979972,0.205339162,0.12198247,0.151628693,0.049587675,0.060702954,-0.170599647,-0.263304544,-0.306316735,Xylocopa tabaniformis orpifex,Xylocopa,Xylocopinae,Apidae,Female,UCSB
108,UCSB_IZC00010896_R,0.47954092,0.315390926,-0.103066157,-0.178783892,-0.348638967,-0.410732046,-0.036257459,0.08174203,0.200804646,0.156720215,0.202826705,0.122489527,0.146764286,0.048830238,0.065420552,-0.165474153,-0.265922146,-0.311655223,Xylocopa tabaniformis orpifex,Xylocopa,Xylocopinae,Apidae,Female,UCSB
109,UCSB_IZC00012184_L,0.468942192,0.302115246,-0.100627908,-0.174614792,-0.353021897,-0.408244406,-0.032664223,0.083487635,0.214628152,0.15288649,0.199832408,0.130045438,0.160040556,0.053512406,0.067689,-0.176288313,-0.273291747,-0.314426239,Xylocopa tabaniformis orpifex,Xylocopa,Xylocopinae,Apidae,Female,UCSB
110,UCSB_IZC00012184_R,0.469302084,0.3027118,-0.104946646,-0.176048719,-0.352658817,-0.405947096,-0.032693582,0.083653605,0.21662737,0.151327064,0.200623956,0.129560935,0.160715594,0.050984478,0.071275353,-0.176228083,-0.274390947,-0.313868349,Xylocopa tabaniformis orpifex,Xylocopa,Xylocopinae,Apidae,Female,UCSB
111,UCSB_IZC00012193_L,0.482147624,0.310733534,-0.101877555,-0.188864319,-0.352326825,-0.41010705,-0.032233223,0.08159731,0.210930505,0.144146318,0.202188162,0.122292874,0.147781775,0.053247048,0.063611075,-0.160976668,-0.264211045,-0.308079539,Xylocopa tabaniformis orpifex,Xylocopa,Xylocopinae,Apidae,Female,UCSB
112,UCSB_IZC00012193_R,0.486498951,0.309770248,-0.101473366,-0.188597273,-0.342620096,-0.414575843,-0.03461157,0.079509351,0.206099596,0.14833715,0.205020952,0.122238428,0.142244057,0.052539229,0.064752759,-0.161259554,-0.264696019,-0.309177001,Xylocopa tabaniformis orpifex,Xylocopa,Xylocopinae,Apidae,Female,UCSB
113,UCSB_IZC00012195_L,0.470820501,0.307021464,-0.101429888,-0.179766217,-0.349232264,-0.415794664,-0.039573798,0.094422846,0.213532022,0.146050694,0.194283553,0.13283098,0.157509952,0.052133346,0.064356421,-0.167607735,-0.270385087,-0.309172125,Xylocopa tabaniformis orpifex,Xylocopa,Xylocopinae,Apidae,Female,UCSB
114,UCSB_IZC00012195_R,0.471396112,0.301517806,-0.098353094,-0.169877421,-0.343960936,-0.418032104,-0.042738436,0.093487906,0.206560169,0.147871907,0.203624035,0.135997024,0.156563783,0.051687835,0.061769233,-0.170255897,-0.271856508,-0.315401413,Xylocopa tabaniformis orpifex,Xylocopa,Xylocopinae,Apidae,Female,UCSB
115,UCSB_IZC00012213_L,0.47183755,0.307353745,-0.099299082,-0.174772055,-0.352902431,-0.411415605,-0.027986863,0.081085306,0.206099434,0.146548192,0.207250131,0.128611058,0.157232884,0.042651277,0.067206047,-0.163776207,-0.271322304,-0.314401078,Xylocopa tabaniformis orpifex,Xylocopa,Xylocopinae,Apidae,Female,UCSB
116,UCSB_IZC00012213_R,0.470438023,0.300685597,-0.103358956,-0.17705107,-0.343884652,-0.413360524,-0.03589438,0.088516345,0.213909618,0.150516533,0.201526128,0.131882602,0.156055461,0.051718746,0.071411531,-0.173126822,-0.273217432,-0.316766747,Xylocopa tabaniformis orpifex,Xylocopa,Xylocopinae,Apidae,Female,UCSB
117,UCSB_IZC00012216_L,0.475868936,0.302171752,-0.101371284,-0.177711657,-0.34777291,-0.40743478,-0.043159675,0.082579999,0.21682962,0.154477383,0.199347883,0.131726521,0.15383811,0.053228963,0.068625719,-0.177783427,-0.271009282,-0.312451869,Xylocopa tabaniformis orpifex,Xylocopa,Xylocopinae,Apidae,Female,UCSB
118,UCSB_IZC00012216_R,0.476494845,0.305470802,-0.103620506,-0.177453562,-0.340515159,-0.403832756,-0.048422728,0.07920068,0.212678384,0.158097596,0.207804136,0.130418527,0.150873581,0.055683674,0.066868207,-0.180364666,-0.272433525,-0.316947531,Xylocopa tabaniformis orpifex,Xylocopa,Xylocopinae,Apidae,Female,UCSB
119,UCSB_IZC00012219_L,0.466281797,0.297398351,-0.098266322,-0.183135562,-0.34538939,-0.410063552,-0.031982863,0.091552926,0.213604615,0.148017751,0.201267102,0.13515254,0.16013538,0.060639608,0.064405766,-0.171880956,-0.277768782,-0.319968408,Xylocopa tabaniformis orpifex,Xylocopa,Xylocopinae,Apidae,Female,UCSB
120,UCSB_IZC00012219_R,0.471784887,0.29674596,-0.100359454,-0.181951154,-0.343310121,-0.411973418,-0.032469048,0.089814891,0.211717456,0.149407986,0.203089949,0.132463712,0.153480901,0.059083774,0.0670193,-0.169081328,-0.273420459,-0.322043836,Xylocopa tabaniformis orpifex,Xylocopa,Xylocopinae,Apidae,Female,UCSB
121,UCSB_IZC00012225_L,0.476354025,0.313520646,-0.112124351,-0.185903796,-0.353171672,-0.408859733,-0.029801249,0.088673274,0.211312856,0.143570928,0.196147256,0.12869924,0.154292994,0.053206931,0.06511192,-0.169852276,-0.267325774,-0.303851218,Xylocopa tabaniformis orpifex,Xylocopa,Xylocopinae,Apidae,Female,UCSB
122,UCSB_IZC00012225_R,0.479073218,0.310109113,-0.108031802,-0.178037818,-0.352274866,-0.407438208,-0.030973871,0.08580581,0.201768423,0.149472401,0.199869506,0.130749649,0.15679572,0.052076505,0.059999118,-0.172452808,-0.271578392,-0.3049317,Xylocopa tabaniformis orpifex,Xylocopa,Xylocopinae,Apidae,Female,UCSB
123,UCSB_IZC00012228_L,0.481254887,0.308835151,-0.098628256,-0.190011523,-0.341115317,-0.417278781,-0.037502424,0.082042962,0.212403301,0.139849971,0.205653728,0.123367653,0.155338288,0.057136135,0.058373746,-0.17382952,-0.264590282,-0.30129972,Xylocopa tabaniformis orpifex,Xylocopa,Xylocopinae,Apidae,Female,UCSB
124,UCSB_IZC00012228_R,0.479561663,0.303663578,-0.098330244,-0.18512858,-0.34188578,-0.416448415,-0.037241367,0.083808006,0.21200114,0.141636538,0.205456245,0.127757617,0.1572169,0.053629457,0.061932533,-0.17607621,-0.266165583,-0.305387498,Xylocopa tabaniformis orpifex,Xylocopa,Xylocopinae,Apidae,Female,UCSB
125,UCSB_IZC00012232_L,0.470681845,0.306764447,-0.091510809,-0.173062483,-0.345410416,-0.414526636,-0.043229621,0.086544885,0.203748787,0.148229033,0.205982658,0.135807742,0.163762837,0.047770709,0.057653207,-0.178359533,-0.27467221,-0.306174444,Xylocopa tabaniformis orpifex,Xylocopa,Xylocopinae,Apidae,Female,UCSB
126,UCSB_IZC00012232_R,0.469770357,0.305267238,-0.089367466,-0.171931073,-0.347190723,-0.41245894,-0.044501573,0.08639754,0.204014639,0.153527742,0.20600842,0.133412991,0.160345136,0.049180346,0.060940917,-0.177768859,-0.275011452,-0.310635242,Xylocopa tabaniformis orpifex,Xylocopa,Xylocopinae,Apidae,Female,UCSB
127,UCSB_IZC00012237_L,0.477676329,0.30668669,-0.107318208,-0.179782568,-0.335396781,-0.413039447,-0.038405851,0.078782698,0.210797138,0.153845963,0.208653358,0.12111997,0.152016565,0.057463187,0.06595054,-0.171332422,-0.273484997,-0.314232165,Xylocopa tabaniformis orpifex,Xylocopa,Xylocopinae,Apidae,Female,UCSB
128,UCSB_IZC00012237_R,0.477162676,0.307219453,-0.105917553,-0.183313594,-0.341902424,-0.406324357,-0.033095055,0.077616991,0.208553862,0.153567388,0.211027229,0.122452596,0.148442563,0.056806634,0.068609433,-0.170248812,-0.276164509,-0.314492522,Xylocopa tabaniformis orpifex,Xylocopa,Xylocopinae,Apidae,Female,UCSB
129,UCSB_IZC00012240_L,0.473346288,0.316480993,-0.106475928,-0.191298081,-0.341136409,-0.39843611,-0.037006919,0.077695745,0.206830422,0.155336174,0.214451808,0.118813203,0.151593373,0.058776472,0.067894663,-0.176967202,-0.278017385,-0.311881106,Xylocopa tabaniformis orpifex,Xylocopa,Xylocopinae,Apidae,Female,UCSB
130,UCSB_IZC00012240_R,0.473779452,0.315972278,-0.108227133,-0.181764791,-0.341240748,-0.398048397,-0.040954165,0.075641984,0.20484152,0.163436936,0.212174358,0.119052219,0.153528138,0.055974219,0.068443454,-0.181297592,-0.27742692,-0.313884813,Xylocopa tabaniformis orpifex,Xylocopa,Xylocopinae,Apidae,Female,UCSB
131,UCSB_IZC00012323_L,0.401452837,0.282633423,-0.028107562,-0.123930344,-0.328353688,-0.491952437,0.018528891,0.096442871,0.17328601,0.106086457,0.233570485,0.182102125,0.214265033,0.04207738,0.015873583,-0.181383513,-0.29707835,-0.3155132,Agapostemon texanus,Agapostemon,Halictinae,Halictidae,Female,UCSB
132,UCSB_IZC00012323_R,0.400679997,0.283706386,-0.026375238,-0.117108581,-0.326550151,-0.493870662,0.015002057,0.092511945,0.172004248,0.106915877,0.241256299,0.180091939,0.210486729,0.04384978,0.014259501,-0.183103319,-0.298413134,-0.315343672,Agapostemon texanus,Agapostemon,Halictinae,Halictidae,Female,UCSB
133,UCSB_IZC00012454_L,0.403076451,0.303812271,-0.02825704,-0.110097021,-0.317626283,-0.499607526,0.007251263,0.086817687,0.154630197,0.113580318,0.246917028,0.176950996,0.205284472,0.038406506,0.001830521,-0.174957021,-0.293043084,-0.314969736,Agapostemon texanus,Agapostemon,Halictinae,Halictidae,Female,UCSB
134,UCSB_IZC00012454_R,0.395175054,0.30335614,-0.026499923,-0.111555074,-0.320215822,-0.502614363,0.009834209,0.089169125,0.163350654,0.104796001,0.247293041,0.179983055,0.207472046,0.043251348,0.000582512,-0.177223013,-0.292245361,-0.313909629,Agapostemon texanus,Agapostemon,Halictinae,Halictidae,Female,UCSB
135,UCSB_IZC00014665_L,0.485959931,0.32048387,-0.100130053,-0.183432214,-0.350920666,-0.412171783,-0.037100056,0.076884432,0.20042654,0.156631646,0.199992739,0.116323538,0.145394814,0.049147658,0.061879564,-0.166182836,-0.262576855,-0.300610268,Xylocopa tabaniformis orpifex,Xylocopa,Xylocopinae,Apidae,Female,UCSB
136,UCSB_IZC00014665_R,0.486950749,0.318550828,-0.103137503,-0.182295141,-0.346738186,-0.411053985,-0.036821908,0.075517504,0.199027643,0.152783588,0.204978321,0.121913028,0.146632359,0.048314922,0.059891459,-0.168259643,-0.265232333,-0.3010217,Xylocopa tabaniformis orpifex,Xylocopa,Xylocopinae,Apidae,Female,UCSB
137,UCSB_IZC00014677_L,0.466036619,0.304376362,-0.105979272,-0.184031226,-0.35031403,-0.417306374,-0.02863791,0.09106528,0.224790551,0.137798854,0.197716362,0.128343818,0.157796335,0.05675255,0.070716216,-0.170278969,-0.270524572,-0.308320595,Xylocopa tabaniformis orpifex,Xylocopa,Xylocopinae,Apidae,Female,UCSB
138,UCSB_IZC00014677_R,0.470613161,0.312489099,-0.11048967,-0.188970463,-0.354306444,-0.403432774,-0.031539779,0.086686242,0.218950627,0.14498072,0.198472393,0.126757984,0.155903865,0.055058845,0.070382272,-0.174061059,-0.269278461,-0.308216558,Xylocopa tabaniformis orpifex,Xylocopa,Xylocopinae,Apidae,Female,UCSB
139,UCSB_IZC00014785_L,0.465519892,0.293690661,-0.095113155,-0.180990211,-0.343875019,-0.408755444,-0.032934098,0.085451882,0.21700549,0.144907058,0.207965281,0.138399248,0.162831272,0.056194746,0.066109876,-0.178065561,-0.275492748,-0.322849173,Xylocopa tabaniformis orpifex,Xylocopa,Xylocopinae,Apidae,Female,UCSB
140,UCSB_IZC00014785_R,0.452637456,0.301854961,-0.095298408,-0.171066817,-0.337651549,-0.413941342,-0.037188701,0.088389486,0.212264914,0.15745039,0.201529525,0.141965556,0.168758266,0.059107493,0.060321668,-0.181254279,-0.279766108,-0.328112511,Xylocopa tabaniformis orpifex,Xylocopa,Xylocopinae,Apidae,Female,UCSB
141,UCSB_IZC00014787_L,0.478214827,0.315702554,-0.107452714,-0.174667014,-0.348830221,-0.411447072,-0.035544968,0.081927075,0.202097534,0.157506993,0.197480501,0.125444728,0.15164832,0.04823395,0.061766663,-0.161410512,-0.267728346,-0.312942297,Xylocopa tabaniformis orpifex,Xylocopa,Xylocopinae,Apidae,Female,UCSB
142,UCSB_IZC00014787_R,0.476368802,0.316203479,-0.104125819,-0.181918305,-0.337861569,-0.412744932,-0.037712598,0.080613073,0.201177869,0.162003935,0.200397465,0.127191156,0.146555055,0.054781976,0.062909662,-0.168737673,-0.271819041,-0.313282537,Xylocopa tabaniformis orpifex,Xylocopa,Xylocopinae,Apidae,Female,UCSB
143,UCSB_IZC00014915_L,0.449387087,0.374976005,-0.058014106,-0.215026037,-0.412752773,-0.444073244,0.04781866,0.07726789,0.180416518,0.081996132,0.221026303,0.104578814,0.12198103,0.026973747,0.04584738,-0.083919667,-0.239646638,-0.278837101,Habropoda depressa,Habropoda,Apinae,Apidae,Female,UCSB
144,UCSB_IZC00014915_R,0.450757125,0.372538803,-0.061401037,-0.205385228,-0.414804691,-0.443028465,0.04521642,0.075899922,0.180207151,0.084206387,0.220828489,0.106957558,0.12394471,0.024060053,0.04588151,-0.086256403,-0.241686804,-0.2779355,Habropoda depressa,Habropoda,Apinae,Apidae,Female,UCSB
145,UCSB_IZC00014978_L,0.473385389,0.308083524,-0.114661953,-0.182964273,-0.351678019,-0.414222268,-0.031158974,0.095001238,0.218215336,0.142348682,0.193637025,0.125357998,0.155917201,0.058689611,0.069160839,-0.175496764,-0.264599829,-0.305014763,Xylocopa tabaniformis orpifex,Xylocopa,Xylocopinae,Apidae,Female,UCSB
146,UCSB_IZC00014978_R,0.468574284,0.31438232,-0.110952359,-0.174753871,-0.349255304,-0.417417673,-0.030933778,0.091292676,0.209063705,0.146092819,0.196682966,0.131096779,0.15753755,0.056707114,0.061242717,-0.178429491,-0.26557362,-0.305356833,Xylocopa tabaniformis orpifex,Xylocopa,Xylocopinae,Apidae,Female,UCSB
147,UCSB_IZC00015039_L,0.470227902,0.310965144,-0.103316759,-0.181177713,-0.341622227,-0.419197698,-0.031401754,0.088619055,0.206904051,0.149015119,0.20041727,0.12541291,0.157663164,0.055457967,0.062431642,-0.169538053,-0.269522926,-0.311337093,Xylocopa tabaniformis orpifex,Xylocopa,Xylocopinae,Apidae,Female,UCSB
148,UCSB_IZC00015039_R,0.466723617,0.306832118,-0.103702159,-0.187551859,-0.34433414,-0.41311683,-0.029884983,0.089644615,0.215389622,0.137535089,0.20694025,0.132393754,0.157549055,0.054585895,0.06771234,-0.172800904,-0.273016478,-0.310899002,Xylocopa tabaniformis orpifex,Xylocopa,Xylocopinae,Apidae,Female,UCSB
149,UCSB_IZC00016671_L,0.472726505,0.312952748,0.013587647,-0.160190622,-0.363839472,-0.449418168,-0.040391659,0.054971513,0.159601507,0.178469814,0.194151087,0.148475348,0.146574509,0.036270419,0.011010273,-0.155193691,-0.255368139,-0.30438962,Apis mellifera,Apis,Apinae,Apidae,Female,UCSB
150,UCSB_IZC00016671_R,0.471804621,0.308012803,0.011061777,-0.150500677,-0.364857903,-0.446017166,-0.041462971,0.0534473,0.158512214,0.184087709,0.193779547,0.15022603,0.153376876,0.032591121,0.011658472,-0.157559637,-0.257061317,-0.311098802,Apis mellifera,Apis,Apinae,Apidae,Female,UCSB
151,UCSB_IZC00019263_L,0.500339491,0.306116239,0.004755254,-0.173642242,-0.368190559,-0.420922908,-0.043101335,0.050844059,0.143802,0.208650357,0.186074544,0.140543009,0.132194448,0.02961461,0.029647575,-0.162675847,-0.251589226,-0.312459472,Apis mellifera,Apis,Apinae,Apidae,Female,UCSB
152,UCSB_IZC00019263_R,0.493515838,0.30069223,0.006581469,-0.180276211,-0.357271189,-0.431204964,-0.041269309,0.056809087,0.15242305,0.197944479,0.189613837,0.140094399,0.135443922,0.035680981,0.030773948,-0.161706611,-0.250981621,-0.316863336,Apis mellifera,Apis,Apinae,Apidae,Female,UCSB
153,UCSB_IZC00026242_L,0.479356336,0.291608016,0.005183518,-0.17106551,-0.361119337,-0.43438526,-0.034437716,0.065091631,0.159768322,0.19469529,0.185230645,0.143405789,0.150048814,0.040086067,0.031531234,-0.161849971,-0.265759535,-0.317388333,Apis mellifera,Apis,Apinae,Apidae,Female,UCSB
154,UCSB_IZC00026242_R,0.475749607,0.296255351,0.004078791,-0.161664686,-0.360232125,-0.446758409,-0.03472806,0.067268478,0.160031054,0.190640064,0.186030391,0.138502615,0.149558013,0.042976645,0.026631554,-0.15944021,-0.261450177,-0.313448896,Apis mellifera,Apis,Apinae,Apidae,Female,UCSB
155,UCSB_IZC00028354_L,0.453043733,0.391132358,-0.06414038,-0.206202904,-0.404744729,-0.444059091,0.045303956,0.07501948,0.154647578,0.097977185,0.223245549,0.101655431,0.121249067,0.023717969,0.035680829,-0.086340446,-0.237912077,-0.279273508,Habropoda depressa,Habropoda,Apinae,Apidae,Female,UCSB
156,UCSB_IZC00028354_R,0.451128095,0.384943458,-0.063804546,-0.200104527,-0.404678742,-0.449984451,0.047425182,0.075657115,0.159418415,0.092389588,0.227953155,0.101578371,0.119264822,0.023219197,0.040236488,-0.087334262,-0.236886197,-0.280421163,Habropoda depressa,Habropoda,Apinae,Apidae,Female,UCSB
157,UCSB_IZC00028371_L,0.450836934,0.374207036,-0.112595114,-0.197776206,-0.358858905,-0.429202169,0.016149955,0.077472387,0.179766082,0.122211045,0.227983406,0.100164109,0.131331149,0.038316937,0.06126355,-0.12264277,-0.25145973,-0.307167697,Bombus californicus,Bombus,Apinae,Apidae,Female,UCSB
158,UCSB_IZC00028371_R,0.448764166,0.378123267,-0.113679033,-0.203333836,-0.360039873,-0.423536301,0.013266136,0.081610515,0.178824959,0.124755338,0.22171867,0.101946711,0.137531708,0.03890824,0.05782393,-0.121502895,-0.253017947,-0.308163756,Bombus californicus,Bombus,Apinae,Apidae,Female,UCSB
159,UCSB_IZC00030122_L,0.397916686,0.3075744,-0.020681844,-0.110806913,-0.333762844,-0.49706285,0.011050198,0.081959143,0.163814024,0.104314183,0.249572553,0.174195441,0.204633398,0.023743979,0.010954288,-0.165401143,-0.287431001,-0.314581697,Halictus farinosus,Halictus,Halictinae,Halictidae,Female,UCSB
160,UCSB_IZC00030122_R,0.394138021,0.303106545,-0.022831318,-0.107514211,-0.337658648,-0.497426109,0.017003556,0.084745337,0.166436828,0.097889045,0.253497943,0.175280342,0.204390651,0.031772315,0.008213233,-0.16618582,-0.285639732,-0.319217975,Halictus farinosus,Halictus,Halictinae,Halictidae,Female,UCSB
161,UCSB_IZC00030264_L,0.447033535,0.338375506,-0.074374856,-0.190820422,-0.34387253,-0.473774553,0.040465785,0.092322951,0.164644584,0.126293825,0.209982758,0.10840394,0.137712577,0.045440698,0.052274625,-0.098254413,-0.277412521,-0.30444149,Diadasia bituberculata,Diadasia,Apinae,Apidae,Female,UCSB
162,UCSB_IZC00030264_R,0.446442618,0.340088398,-0.074853639,-0.190355742,-0.354747813,-0.463765813,0.042277967,0.093581317,0.161332707,0.128620176,0.205725366,0.112776492,0.140765347,0.044340223,0.049137464,-0.09691753,-0.279711158,-0.304736379,Diadasia bituberculata,Diadasia,Apinae,Apidae,Female,UCSB
163,UCSB_IZC00030337_L,0.44727907,0.273531497,-0.015905637,-0.157979301,-0.365942545,-0.453699641,0.03586672,0.083380163,0.153469674,0.150762873,0.213331712,0.138465505,0.165240699,0.021233598,0.049914111,-0.092483679,-0.287699294,-0.358765526,Eucera actuosa,Eucera,Apinae,Apidae,Female,UCSB
164,UCSB_IZC00030348_L,0.390240322,0.313936978,-0.024331491,-0.110594456,-0.342822351,-0.497355488,0.023826033,0.085291258,0.161809195,0.094380362,0.253444489,0.17211708,0.20445162,0.026601191,0.00657569,-0.15401167,-0.284114552,-0.319444209,Halictus farinosus,Halictus,Halictinae,Halictidae,Female,UCSB
165,UCSB_IZC00030348_R,0.386023497,0.307519774,-0.020344307,-0.115173998,-0.342700579,-0.49512295,0.02684379,0.085998184,0.166956588,0.089798233,0.254034187,0.178911736,0.209429112,0.02343691,0.010883056,-0.15663236,-0.288871056,-0.320989818,Halictus farinosus,Halictus,Halictinae,Halictidae,Female,UCSB
166,UCSB_IZC00030944_L,0.474024183,0.31010978,0.006476501,-0.167638537,-0.359837042,-0.443662237,-0.042437919,0.05576911,0.167196161,0.185687521,0.194439679,0.135206773,0.144558503,0.039545188,0.025684127,-0.16083383,-0.254560741,-0.309727219,Apis mellifera,Apis,Apinae,Apidae,Female,UCSB
167,UCSB_IZC00030944_R,0.479861209,0.306748949,0.008293377,-0.163623141,-0.36047101,-0.440482355,-0.047575894,0.053302005,0.16394686,0.195166086,0.191447308,0.132076847,0.146704609,0.0385468,0.024820144,-0.165377217,-0.2500362,-0.313348377,Apis mellifera,Apis,Apinae,Apidae,Female,UCSB
168,UCSB_IZC00031299_L,0.443922773,0.325960278,-0.075813488,-0.185770682,-0.345453326,-0.473303691,0.037200422,0.100148786,0.173108928,0.110191174,0.212487467,0.121627157,0.145321139,0.051208334,0.041353402,-0.086611526,-0.283145204,-0.312431942,Diadasia bituberculata,Diadasia,Apinae,Apidae,Female,UCSB
169,UCSB_IZC00031299_R,0.448544432,0.320486181,-0.065947976,-0.178378625,-0.337332268,-0.485814959,0.035047267,0.097018245,0.166377704,0.121911138,0.210393605,0.117365784,0.141706369,0.045260109,0.045912545,-0.090686041,-0.276192154,-0.315671356,Diadasia bituberculata,Diadasia,Apinae,Apidae,Female,UCSB
170,UCSB_IZC00033241_L,0.477721879,0.292447401,0.005617952,-0.161841524,-0.354991711,-0.431519322,-0.04091607,0.057072567,0.156408829,0.208065092,0.193480018,0.132390812,0.151344506,0.04360018,0.030318393,-0.16212799,-0.269443117,-0.327627894,Apis mellifera,Apis,Apinae,Apidae,Female,UCSB
171,UCSB_IZC00033241_R,0.479880222,0.295549397,0.006222274,-0.164027233,-0.350771603,-0.436316789,-0.038951527,0.056880453,0.151534806,0.205636811,0.193257885,0.135303302,0.149307363,0.041414706,0.026820219,-0.158047996,-0.269102575,-0.324589714,Apis mellifera,Apis,Apinae,Apidae,Female,UCSB
172,UCSB_IZC00033743_L,0.456974583,0.385916728,-0.069540706,-0.210544886,-0.405839862,-0.439864787,0.042329683,0.077105563,0.163463682,0.089570198,0.229116975,0.099686759,0.117102163,0.024671726,0.043327222,-0.090341274,-0.231750556,-0.281383214,Habropoda depressa,Habropoda,Apinae,Apidae,Female,UCSB
173,UCSB_IZC00033743_R,0.453477401,0.390326586,-0.064957551,-0.206503112,-0.407561366,-0.437816614,0.034743063,0.079149277,0.159142317,0.090242344,0.235101731,0.101762271,0.115930047,0.021433636,0.042973147,-0.095370008,-0.230569896,-0.281503272,Habropoda depressa,Habropoda,Apinae,Apidae,Female,UCSB
174,UCSB_IZC00034409_L,0.416523825,0.324465092,0.037029609,-0.086995919,-0.33678921,-0.493550695,-0.026835528,0.045001871,0.121150954,0.160010699,0.245440094,0.175964587,0.189741722,0.001038064,-0.024551763,-0.132266211,-0.283174251,-0.332202941,Andrena oenotherae,Andrena,Andreninae,Andrenidae,Female,UCSB
175,UCSB_IZC00034409_R,0.418491107,0.322913371,0.038266066,-0.086265764,-0.336688776,-0.496656292,-0.024835032,0.043629817,0.121145503,0.157870364,0.24437343,0.176781079,0.190629063,-8.57E-05,-0.026287265,-0.131042176,-0.282818764,-0.32941999,Andrena oenotherae,Andrena,Andreninae,Andrenidae,Female,UCSB
176,UCSB_IZC00034449_L,0.472453412,0.307432183,0.002016269,-0.167109324,-0.355370722,-0.421830056,-0.054173085,0.052309309,0.164272014,0.193640438,0.206185646,0.145685995,0.147587252,0.038546609,0.028220138,-0.174744803,-0.264509324,-0.32061195,Apis mellifera,Apis,Apinae,Apidae,Female,UCSB
177,UCSB_IZC00034449_R,0.471459239,0.297294886,0.008297395,-0.157749107,-0.358420339,-0.417878463,-0.058464267,0.052265221,0.163195435,0.202160899,0.205228615,0.14721831,0.156020938,0.036517328,0.030256805,-0.184538132,-0.270465565,-0.322399197,Apis mellifera,Apis,Apinae,Apidae,Female,UCSB
178,UCSB_IZC00034799_L,0.391380225,0.303696274,-0.005261818,-0.111976613,-0.340879313,-0.488519344,0.013716016,0.080175174,0.157669399,0.104390906,0.257336607,0.180891141,0.209973803,0.027294422,0.004190617,-0.174476124,-0.291210166,-0.318391206,Halictus farinosus,Halictus,Halictinae,Halictidae,Female,UCSB
179,UCSB_IZC00034799_R,0.388892179,0.304192332,-0.005432278,-0.11101971,-0.344095883,-0.478849209,0.011226307,0.079235926,0.155850335,0.110216905,0.260276807,0.181620215,0.211882824,0.021698892,0.010991475,-0.179803681,-0.295864594,-0.321018842,Halictus farinosus,Halictus,Halictinae,Halictidae,Female,UCSB
180,UCSB_IZC00034847_L,0.392292291,0.315015589,-0.011453648,-0.108461245,-0.346154005,-0.498638245,0.017952776,0.083101689,0.156344799,0.096411558,0.249470002,0.179211289,0.211595413,0.021308325,-0.001028543,-0.168823799,-0.278354569,-0.309789676,Halictus farinosus,Halictus,Halictinae,Halictidae,Female,UCSB
181,UCSB_IZC00034847_R,0.389192377,0.312214515,-0.010175265,-0.095450388,-0.343963618,-0.507743185,0.01876433,0.079124561,0.158036674,0.103725336,0.250052095,0.175277968,0.205768543,0.024099126,0.002382983,-0.169362372,-0.281061801,-0.310881878,Halictus farinosus,Halictus,Halictinae,Halictidae,Female,UCSB
182,UCSB_IZC00034914_L,0.475641442,0.307867869,0.010235915,-0.15684125,-0.357441891,-0.436997811,-0.047730289,0.049412868,0.155853148,0.20855795,0.19142692,0.136145104,0.144918312,0.034836165,0.024647931,-0.154851586,-0.26267206,-0.323008736,Apis mellifera,Apis,Apinae,Apidae,Female,UCSB
183,UCSB_IZC00034914_R,0.482948966,0.303185583,0.018865432,-0.166406319,-0.357516998,-0.431836186,-0.050083153,0.047546488,0.153296188,0.201964376,0.194525845,0.144351232,0.145610702,0.032152521,0.018889811,-0.155222891,-0.258824225,-0.323447372,Apis mellifera,Apis,Apinae,Apidae,Female,UCSB
184,UCSB_IZC00035274_L,0.463134076,0.296141369,-0.02811211,-0.139339006,-0.388869525,-0.447471701,0.017800467,0.07969684,0.14701959,0.157422736,0.194875314,0.142688116,0.164370452,0.010706937,0.040633937,-0.112608666,-0.290741225,-0.3073476,Megachile rotundata,Megachile,Megachilinae,Megachilidae,Female,UCSB
185,UCSB_IZC00035274_R,0.459659549,0.301005762,-0.026416649,-0.137942157,-0.396497877,-0.441179504,0.014500154,0.078441346,0.148429377,0.161812695,0.199035672,0.134137536,0.160382706,0.014954473,0.044093194,-0.115704554,-0.295212667,-0.303499056,Megachile rotundata,Megachile,Megachilinae,Megachilidae,Female,UCSB
186,UCSB_IZC00035286_L,0.454319488,0.373837743,-0.095751546,-0.207062656,-0.372116807,-0.443452722,0.025193213,0.087226016,0.17780727,0.118074158,0.207377923,0.100881632,0.125940538,0.032994258,0.059261842,-0.106931194,-0.231996442,-0.305602715,Bombus vosnesenskii,Bombus,Apinae,Apidae,Female,UCSB
187,UCSB_IZC00035286_R,0.452018403,0.388525798,-0.094826337,-0.209114608,-0.379778748,-0.43782321,0.01917593,0.090318765,0.171504007,0.122685908,0.200344363,0.101387117,0.128956208,0.027753923,0.054524434,-0.107112314,-0.228116274,-0.300423364,Bombus vosnesenskii,Bombus,Apinae,Apidae,Female,UCSB
188,UCSB_IZC00035407_L,0.446436139,0.363702289,-0.117319963,-0.226050752,-0.354325332,-0.424383002,0.03144097,0.090252861,0.190246789,0.113796499,0.221173927,0.099939736,0.131723968,0.053487051,0.068418237,-0.112756105,-0.258301092,-0.317482221,Bombus californicus,Bombus,Apinae,Apidae,Female,UCSB
189,UCSB_IZC00035407_R,0.445078687,0.364231395,-0.116314036,-0.22319903,-0.354500504,-0.423132514,0.03216255,0.089131433,0.186542019,0.114321088,0.224208157,0.101529016,0.132200274,0.051671034,0.065576353,-0.107140426,-0.258486932,-0.323878564,Bombus californicus,Bombus,Apinae,Apidae,Female,UCSB
190,UCSB_IZC00035441_L,0.455128691,0.376649146,-0.098146366,-0.199594053,-0.38575866,-0.439011517,0.032217271,0.086522113,0.171993374,0.115954748,0.205779318,0.103267998,0.129095169,0.022720281,0.058876002,-0.101731782,-0.230259645,-0.303702089,Bombus vosnesenskii,Bombus,Apinae,Apidae,Female,UCSB
191,UCSB_IZC00035441_R,0.457401563,0.376069325,-0.101979507,-0.205081961,-0.379808762,-0.441648401,0.03284176,0.089731657,0.172474325,0.117720235,0.203098801,0.096136345,0.12872556,0.033149609,0.056188225,-0.100741791,-0.230985917,-0.303291068,Bombus vosnesenskii,Bombus,Apinae,Apidae,Female,UCSB
192,UCSB_IZC00035452_L,0.467597972,0.300660469,-0.099539096,-0.194251075,-0.344850001,-0.420731114,-0.026376249,0.094860844,0.22262825,0.132162933,0.196230442,0.134329261,0.160733087,0.054871712,0.068892044,-0.171043358,-0.267590702,-0.308585419,Xylocopa tabaniformis orpifex,Xylocopa,Xylocopinae,Apidae,Female,UCSB
193,UCSB_IZC00035452_R,0.470398761,0.301084888,-0.105180612,-0.188366588,-0.341800611,-0.42264859,-0.032053928,0.096874586,0.221692095,0.134539447,0.194914524,0.130938179,0.162920066,0.055823625,0.066601659,-0.169947272,-0.2685123,-0.307277929,Xylocopa tabaniformis orpifex,Xylocopa,Xylocopinae,Apidae,Female,UCSB
194,UCSB_IZC00035453_L,0.455467991,0.391613685,-0.100053984,-0.210765497,-0.37166821,-0.44412153,0.023804419,0.088404975,0.167318151,0.116048986,0.211017971,0.09681208,0.120415746,0.029561529,0.05436496,-0.103338473,-0.221456048,-0.303426752,Bombus vosnesenskii,Bombus,Apinae,Apidae,Female,UCSB
195,UCSB_IZC00035453_R,0.450592918,0.385831815,-0.096992647,-0.208126294,-0.372426125,-0.448694051,0.027633657,0.090844923,0.171335804,0.115689159,0.206793244,0.099368026,0.127922033,0.031917872,0.049987988,-0.103798323,-0.222038292,-0.305841707,Bombus vosnesenskii,Bombus,Apinae,Apidae,Female,UCSB
196,UCSB_IZC00035453_R,0.451262962,0.388421517,-0.098515011,-0.207587083,-0.372876646,-0.446289259,0.026323884,0.090410486,0.16884915,0.111539783,0.208912992,0.099022412,0.127932695,0.032577563,0.050601917,-0.102748918,-0.222143794,-0.30569465,Bombus vosnesenskii,Bombus,Apinae,Apidae,Female,UCSB
197,UCSB_IZC00035453_R,0.450592918,0.385831815,-0.096992647,-0.208126294,-0.372426125,-0.448694051,0.027633657,0.090844923,0.171335804,0.111539783,0.208912992,0.099022412,0.127932695,0.032577563,0.050601917,-0.102748918,-0.222143794,-0.30569465,Bombus vosnesenskii,Bombus,Apinae,Apidae,Female,UCSB
198,UCSB_IZC00035453_R,0.451262962,0.388421517,-0.098515011,-0.207587083,-0.372876646,-0.446289259,0.026323884,0.090410486,0.16884915,0.115689159,0.206793244,0.099368026,0.127922033,0.031917872,0.049987988,-0.103798323,-0.222038292,-0.305841707,Bombus vosnesenskii,Bombus,Apinae,Apidae,Female,UCSB
199,UCSB_IZC00035519_L,0.459681942,0.379407842,-0.100308422,-0.205945109,-0.371264088,-0.441132784,0.022526548,0.089067371,0.167966701,0.115609581,0.210343521,0.104163478,0.127045892,0.027389321,0.054967239,-0.109331009,-0.229645243,-0.300542779,Bombus vosnesenskii,Bombus,Apinae,Apidae,Female,UCSB
200,UCSB_IZC00035519_R,0.455909626,0.382996346,-0.108640574,-0.207815492,-0.372212239,-0.438487967,0.025754193,0.093262058,0.169234048,0.113818991,0.208927059,0.104028578,0.128420782,0.02913825,0.05710713,-0.109190745,-0.231569371,-0.300680674,Bombus vosnesenskii,Bombus,Apinae,Apidae,Female,UCSB
201,UCSB_IZC00035534_L,0.459470651,0.381038906,-0.097974562,-0.198167241,-0.374435834,-0.439550112,0.023916852,0.079189717,0.166511622,0.120429843,0.214019462,0.101546765,0.127195516,0.02719127,0.051581364,-0.111220539,-0.228667706,-0.302075973,Bombus vosnesenskii,Bombus,Apinae,Apidae,Female,UCSB
202,UCSB_IZC00035534_R,0.460002947,0.384500356,-0.100018208,-0.202162618,-0.375321779,-0.432284661,0.020526477,0.080355818,0.164401668,0.116330046,0.222987324,0.100361384,0.125008509,0.028693543,0.051698066,-0.114471638,-0.229537376,-0.301069859,Bombus vosnesenskii,Bombus,Apinae,Apidae,Female,UCSB
203,UCSB_IZC00035538_L,0.457405389,0.385237702,-0.103620061,-0.207680203,-0.377199079,-0.427570444,0.012177698,0.089108061,0.172140937,0.117062689,0.2161268,0.100407305,0.124069516,0.026297395,0.058322849,-0.104615978,-0.228496966,-0.30917361,Bombus vosnesenskii,Bombus,Apinae,Apidae,Female,UCSB
204,UCSB_IZC00035538_R,0.457706962,0.382409361,-0.104768262,-0.206422988,-0.368762899,-0.439011629,0.017901088,0.089943558,0.17100481,0.11611446,0.215465891,0.098998613,0.120776705,0.033878767,0.055506775,-0.103236292,-0.230399871,-0.307105047,Bombus vosnesenskii,Bombus,Apinae,Apidae,Female,UCSB
205,UCSB_IZC00035610_L,0.463125274,0.392214716,-0.10298719,-0.208880186,-0.37413956,-0.436720625,0.021575511,0.080470811,0.165341249,0.119076645,0.209708202,0.100053155,0.121772171,0.024834224,0.050859504,-0.101341818,-0.226514301,-0.298447781,Bombus vosnesenskii,Bombus,Apinae,Apidae,Female,UCSB
206,UCSB_IZC00035610_R,0.464207761,0.387386513,-0.103850337,-0.209814955,-0.372232108,-0.440690064,0.018989852,0.085130223,0.170873117,0.115387083,0.210527332,0.09363906,0.123552698,0.030118131,0.053586117,-0.108236055,-0.222834984,-0.295739381,Bombus vosnesenskii,Bombus,Apinae,Apidae,Female,UCSB
207,UCSB_IZC00035618_L,0.451713357,0.37239443,-0.112155891,-0.225200115,-0.352061303,-0.41633098,0.021470473,0.08173158,0.178438449,0.126051925,0.227858463,0.098244585,0.127470393,0.046685605,0.067482388,-0.121543991,-0.253330224,-0.318919145,Bombus californicus,Bombus,Apinae,Apidae,Female,UCSB
208,UCSB_IZC00035618_R,0.448815372,0.373840422,-0.111275818,-0.221399137,-0.348988213,-0.421803977,0.028292244,0.078090431,0.174428675,0.122609468,0.232324447,0.099267381,0.131357546,0.0467744,0.062143799,-0.123416393,-0.253195796,-0.317864852,Bombus californicus,Bombus,Apinae,Apidae,Female,UCSB
209,UCSB_IZC00036056_L,0.476064155,0.287761331,0.02015855,-0.163952157,-0.35493839,-0.434234502,-0.042170491,0.051128586,0.160182917,0.204418649,0.195658642,0.14241338,0.150083122,0.040250047,0.029493219,-0.168589605,-0.269002053,-0.324725401,Apis mellifera,Apis,Apinae,Apidae,Female,UCSB
210,UCSB_IZC00036056_R,0.477572564,0.290107809,0.026146709,-0.164304377,-0.353287693,-0.432693946,-0.047944473,0.046456053,0.157947353,0.212352118,0.192259312,0.142448275,0.151729967,0.041192106,0.024131181,-0.170107554,-0.270907495,-0.323097908,Apis mellifera,Apis,Apinae,Apidae,Female,UCSB
211,UCSB_IZC00036078_L,0.403196728,0.297492719,-0.029334157,-0.107723135,-0.334366627,-0.503489204,0.022866336,0.091158094,0.160199246,0.104417741,0.234349824,0.181477849,0.209489982,0.029938327,0.007447329,-0.170533775,-0.287409896,-0.309177381,Agapostemon texanus,Agapostemon,Halictinae,Halictidae,Female,UCSB
212,UCSB_IZC00036078_R,0.400712465,0.299755311,-0.030352906,-0.105151213,-0.32836022,-0.500006536,0.016649455,0.086325851,0.160427792,0.113441085,0.235788995,0.182069043,0.210137445,0.037190992,0.004218817,-0.181044864,-0.292983016,-0.308818496,Agapostemon texanus,Agapostemon,Halictinae,Halictidae,Female,UCSB
213,UCSB_IZC00036167_L,0.477033817,0.302896808,-0.006759891,-0.159288156,-0.354717885,-0.447517199,-0.050099325,0.060708405,0.177743427,0.173503768,0.193456193,0.142269148,0.151907677,0.039594001,0.021492371,-0.157941277,-0.255082466,-0.309199415,Apis mellifera,Apis,Apinae,Apidae,Female,UCSB
214,UCSB_IZC00036167_R,0.476752792,0.301487119,0.003793799,-0.157144212,-0.358805061,-0.458798056,-0.04116126,0.062063353,0.171811525,0.173517904,0.187868348,0.140943296,0.151663482,0.038684354,0.018612269,-0.155446978,-0.253791037,-0.302051637,Apis mellifera,Apis,Apinae,Apidae,Female,UCSB
215,UCSB_IZC00036320_L,0.407055867,0.299433521,-0.036104499,-0.111917497,-0.324754013,-0.480406569,0.008472957,0.083621944,0.154598287,0.11753361,0.249785312,0.179988616,0.207915389,0.034368593,0.008963655,-0.182885921,-0.29511646,-0.320552794,Agapostemon texanus,Agapostemon,Halictinae,Halictidae,Female,UCSB
216,UCSB_IZC00036320_R,0.402255165,0.305418835,-0.032482396,-0.11504619,-0.326969097,-0.476441378,0.007244991,0.084683344,0.151336726,0.118156691,0.252666721,0.181895606,0.206142857,0.034670258,0.008002775,-0.183826297,-0.297214174,-0.320494437,Agapostemon texanus,Agapostemon,Halictinae,Halictidae,Female,UCSB
217,UCSB_IZC00036326_L,0.396193218,0.299751774,-0.021422302,-0.121888955,-0.329469508,-0.496266163,0.016981686,0.091942603,0.164177648,0.101595179,0.243924347,0.180373253,0.209145487,0.037981184,0.007592706,-0.176115672,-0.292904233,-0.311592252,Agapostemon texanus,Agapostemon,Halictinae,Halictidae,Female,UCSB
218,UCSB_IZC00036326_R,0.398216996,0.301926846,-0.018284281,-0.117215934,-0.326806608,-0.504046944,0.017277334,0.090393403,0.158539188,0.101504821,0.242340539,0.18022701,0.21195294,0.037051076,-0.000446822,-0.173866957,-0.292703888,-0.306058718,Agapostemon texanus,Agapostemon,Halictinae,Halictidae,Female,UCSB
219,UCSB_IZC00036441_L,0.475762781,0.29716139,0.008882306,-0.159857807,-0.361377563,-0.445049803,-0.047399663,0.058127957,0.173750403,0.193065773,0.185842693,0.13454567,0.150628573,0.044054277,0.027653265,-0.168937156,-0.258361752,-0.308491342,Apis mellifera,Apis,Apinae,Apidae,Female,UCSB
220,UCSB_IZC00036441_R,0.47780701,0.293288344,0.008290219,-0.171077817,-0.361348941,-0.43630822,-0.04407376,0.060006528,0.173416638,0.194195564,0.185755416,0.137568941,0.147893746,0.044945043,0.03428947,-0.17137973,-0.264449884,-0.308818565,Apis mellifera,Apis,Apinae,Apidae,Female,UCSB
221,UCSB_IZC00036466_L,0.400094114,0.294454625,-0.034273101,-0.107753729,-0.328773935,-0.481309039,0.006140897,0.087593993,0.163826175,0.12393533,0.24203986,0.180820197,0.20788754,0.032793663,0.02067565,-0.188160955,-0.297961796,-0.32202949,Agapostemon texanus,Agapostemon,Halictinae,Halictidae,Female,UCSB
222,UCSB_IZC00036466_R,0.399159902,0.297664973,-0.036236565,-0.10841502,-0.324640613,-0.477466299,0.002909383,0.084367764,0.162656474,0.119683732,0.248311854,0.186029241,0.212387934,0.032176852,0.014603469,-0.19192301,-0.299281136,-0.321988938,Agapostemon texanus,Agapostemon,Halictinae,Halictidae,Female,UCSB
223,UCSB_IZC00036467_L,0.439039557,0.301396836,-0.017944895,-0.191021709,-0.394037768,-0.450086839,0.027018465,0.109691728,0.175944624,0.122433152,0.195351839,0.146781277,0.143558324,0.028254822,0.062022695,-0.107798568,-0.278624155,-0.311979387,Osmia nemoris,Osmia,Megachilinae,Megachilidae,Female,UCSB
224,UCSB_IZC00036467_R,0.439766801,0.29926319,-0.018453812,-0.195385411,-0.395916949,-0.445969383,0.032216034,0.110728318,0.173751211,0.121545009,0.195244036,0.147745517,0.145426303,0.026293601,0.063737508,-0.105415263,-0.279431328,-0.315145383,Osmia nemoris,Osmia,Megachilinae,Megachilidae,Female,UCSB
225,UCSB_IZC00036553_L,0.480094895,0.294008547,0.003485709,-0.171511879,-0.359455439,-0.438431687,-0.039498104,0.056816412,0.174491547,0.191573331,0.1830154,0.141423524,0.146145752,0.041897979,0.03270071,-0.162113654,-0.262851954,-0.311791088,Apis mellifera,Apis,Apinae,Apidae,Female,UCSB
226,UCSB_IZC00036553_R,0.48036098,0.287901377,0.006889455,-0.165357721,-0.359410954,-0.443557389,-0.037890697,0.061875272,0.169189678,0.18931117,0.186531188,0.139067654,0.149572791,0.042881722,0.030258258,-0.161220204,-0.263225291,-0.313177288,Apis mellifera,Apis,Apinae,Apidae,Female,UCSB
227,UCSB_IZC00036565_L,0.464365175,0.311430515,0.01025319,-0.143703097,-0.355708296,-0.443172089,-0.045735892,0.042988631,0.159281862,0.191267906,0.206965179,0.146766987,0.153779584,0.032681803,0.01512165,-0.163832394,-0.267845586,-0.31490513,Apis mellifera,Apis,Apinae,Apidae,Female,UCSB
228,UCSB_IZC00036565_R,0.460510275,0.310433191,0.007325238,-0.140804893,-0.349191955,-0.447248493,-0.041049385,0.042299475,0.157726548,0.191022851,0.211978584,0.145701537,0.153653756,0.038664587,0.012857544,-0.164397746,-0.268656287,-0.320824826,Apis mellifera,Apis,Apinae,Apidae,Female,UCSB
229,UCSB_IZC00036601_L,0.401589027,0.304600762,-0.037681968,-0.117576543,-0.317786568,-0.4783839,0.002795306,0.086419573,0.156024311,0.116157521,0.246520141,0.187793461,0.21486127,0.040870539,-0.001233178,-0.184047827,-0.3018256,-0.319096327,Agapostemon texanus,Agapostemon,Halictinae,Halictidae,Female,UCSB
230,UCSB_IZC00036601_R,0.399933557,0.300232473,-0.037076582,-0.115307482,-0.322028625,-0.477158074,0.004074767,0.088116933,0.159213032,0.112630086,0.249689463,0.188014928,0.214753085,0.037131057,0.005107361,-0.185271811,-0.300181539,-0.32187263,Agapostemon texanus,Agapostemon,Halictinae,Halictidae,Female,UCSB
231,UCSB_IZC00036757_L,0.406780931,0.305135433,-0.039527489,-0.117293992,-0.324758464,-0.491846737,0.015223267,0.087078947,0.159208104,0.109112914,0.246867252,0.172404091,0.200219889,0.042682147,0.008781024,-0.178574851,-0.293077539,-0.308414927,Agapostemon texanus,Agapostemon,Halictinae,Halictidae,Female,UCSB
232,UCSB_IZC00036757_R,0.410009697,0.30492787,-0.03779822,-0.124065267,-0.321774643,-0.489108651,0.014184892,0.088703026,0.154921297,0.112749909,0.245869127,0.170853692,0.198916788,0.042325691,0.009303373,-0.17448752,-0.293357825,-0.312173233,Agapostemon texanus,Agapostemon,Halictinae,Halictidae,Female,UCSB
233,UCSB_IZC00036766_L,0.402612199,0.305296098,-0.023679678,-0.112596145,-0.324427874,-0.498269617,0.006016839,0.085785196,0.159262982,0.107810462,0.244837599,0.176425018,0.211308252,0.03256612,0.000769723,-0.173238294,-0.288879315,-0.311599565,Agapostemon texanus,Agapostemon,Halictinae,Halictidae,Female,UCSB
234,UCSB_IZC00036766_R,0.40610635,0.304430806,-0.02607962,-0.112409917,-0.326559491,-0.493547897,0.006167876,0.08383646,0.158055433,0.111675271,0.243360438,0.176168985,0.21108017,0.031620085,0.002442184,-0.176833442,-0.287973083,-0.311540609,Agapostemon texanus,Agapostemon,Halictinae,Halictidae,Female,UCSB
235,UCSB_IZC00036773_L,0.392339433,0.314649518,-0.011910459,-0.114203104,-0.33797502,-0.493615076,0.010914839,0.077079219,0.162720651,0.101726422,0.254087811,0.17758377,0.207227118,0.024687451,0.005137341,-0.176379408,-0.28355685,-0.310513656,Halictus farinosus,Halictus,Halictinae,Halictidae,Female,UCSB
236,UCSB_IZC00036773_R,0.389195278,0.315317851,-0.013661397,-0.10892151,-0.341441238,-0.502849564,0.013839789,0.079145718,0.169375073,0.103621498,0.244847062,0.173074304,0.203856056,0.030124581,0.006332484,-0.173240729,-0.281492769,-0.307122488,Halictus farinosus,Halictus,Halictinae,Halictidae,Female,UCSB
237,UCSB_IZC00036776_L,0.450477233,0.387173304,-0.07335277,-0.196728774,-0.374029944,-0.445557351,0.018679297,0.074618328,0.158720677,0.128270973,0.215835157,0.103106381,0.12696691,0.019435904,0.046624678,-0.102282982,-0.231588231,-0.30636879,Bombus vosnesenskii,Bombus,Apinae,Apidae,Female,UCSB
238,UCSB_IZC00036776_R,0.456699769,0.377256979,-0.080320826,-0.207704908,-0.379482449,-0.43667816,0.024928526,0.080301276,0.164999793,0.120961578,0.209984502,0.107638198,0.129018047,0.023359255,0.049488203,-0.102090334,-0.230894785,-0.307464663,Bombus vosnesenskii,Bombus,Apinae,Apidae,Female,UCSB
239,UCSB_IZC00037171_L,0.437703363,0.323447881,-0.058194868,-0.177922695,-0.353828784,-0.473048241,0.026312062,0.100238782,0.1752925,0.115306155,0.217300257,0.116917416,0.15034168,0.045337316,0.049105938,-0.109849812,-0.277074457,-0.307384495,Diadasia bituberculata,Diadasia,Apinae,Apidae,Female,UCSB
240,UCSB_IZC00037171_R,0.440518405,0.320732853,-0.052164771,-0.185352654,-0.346549463,-0.471207363,0.029763574,0.098357782,0.165901637,0.125510776,0.216771235,0.120857166,0.143425838,0.044562597,0.05197943,-0.108049781,-0.279496474,-0.315560787,Diadasia bituberculata,Diadasia,Apinae,Apidae,Female,UCSB
241,UCSB_IZC00037197_L,0.449688089,0.388889114,-0.096864968,-0.190716285,-0.375289822,-0.435504413,0.020196695,0.075313816,0.164287776,0.130061448,0.218715537,0.09847872,0.12653667,0.023120959,0.054989204,-0.107333266,-0.234732214,-0.309837058,Bombus vosnesenskii,Bombus,Apinae,Apidae,Female,UCSB
242,UCSB_IZC00037197_R,0.454290399,0.398442789,-0.093441564,-0.201344743,-0.371958026,-0.439659226,0.02172607,0.072547887,0.159396413,0.135257056,0.209972438,0.094260198,0.123239106,0.025485473,0.049328765,-0.105225187,-0.22894313,-0.303374719,Bombus vosnesenskii,Bombus,Apinae,Apidae,Female,UCSB
243,UCSB_IZC00037222_L,0.489350006,0.306041433,0.007914835,-0.165760065,-0.350418563,-0.44379051,-0.047576611,0.049075125,0.155164349,0.199616887,0.190690075,0.134101217,0.145664428,0.037128862,0.02025448,-0.169256172,-0.245684958,-0.312514819,Apis mellifera,Apis,Apinae,Apidae,Female,UCSB
244,UCSB_IZC00037222_R,0.48582327,0.307717303,0.008307327,-0.160589886,-0.346616832,-0.44775831,-0.048204993,0.049892597,0.151429524,0.200795185,0.19212311,0.137907949,0.145103984,0.039610658,0.015625462,-0.16874489,-0.249670937,-0.312750521,Apis mellifera,Apis,Apinae,Apidae,Female,UCSB
245,UCSB_IZC00037252_L,0.401103745,0.306148471,-0.029450188,-0.115825849,-0.327204398,-0.489722643,0.011289735,0.086134799,0.157526327,0.113282868,0.249663845,0.174446477,0.200546674,0.038309875,0.010746108,-0.181656726,-0.290972057,-0.314367064,Agapostemon texanus,Agapostemon,Halictinae,Halictidae,Female,UCSB
246,UCSB_IZC00037252_R,0.401106229,0.307263086,-0.027552945,-0.11547647,-0.327440476,-0.488418032,0.007769243,0.084875189,0.157874176,0.111989476,0.250790045,0.174779351,0.204171949,0.035330265,0.008270753,-0.179953186,-0.290439236,-0.314939417,Agapostemon texanus,Agapostemon,Halictinae,Halictidae,Female,UCSB
247,UCSB_IZC00037255_L,0.454219815,0.330196832,-0.076013805,-0.184284874,-0.342938283,-0.478767447,0.039259071,0.097467985,0.160860705,0.123421733,0.205655729,0.114476541,0.139578588,0.048522495,0.043855382,-0.096604597,-0.275495076,-0.303410795,Diadasia bituberculata,Diadasia,Apinae,Apidae,Female,UCSB
248,UCSB_IZC00037255_R,0.444630183,0.331856991,-0.072524937,-0.185980481,-0.344481395,-0.479771514,0.041641241,0.098893495,0.165736416,0.11623762,0.211201227,0.118945314,0.138115306,0.048183123,0.047351721,-0.099125032,-0.276017932,-0.304891346,Diadasia bituberculata,Diadasia,Apinae,Apidae,Female,UCSB
249,UCSB_IZC00037347_L,0.440158171,0.324567154,-0.076876071,-0.185576111,-0.33648168,-0.474754308,0.049899409,0.099570491,0.159492946,0.124074541,0.212316118,0.119756173,0.147938919,0.056341779,0.042373168,-0.096944984,-0.284701807,-0.321153907,Diadasia bituberculata,Diadasia,Apinae,Apidae,Female,UCSB
250,UCSB_IZC00037347_R,0.443821978,0.32071518,-0.072757022,-0.186066522,-0.338572835,-0.472916104,0.049768549,0.098111475,0.157895301,0.126979562,0.210935498,0.120265845,0.147853498,0.052946735,0.044964194,-0.098873259,-0.285928494,-0.319143579,Diadasia bituberculata,Diadasia,Apinae,Apidae,Female,UCSB
251,UCSB_IZC00037376_L,0.496496636,0.342598268,-0.095125684,-0.207544976,-0.40482142,-0.440715904,0.044087564,0.081154257,0.183871259,0.114254169,0.177295787,0.098796431,0.114574829,0.036338981,0.053664626,-0.078283261,-0.22920197,-0.287439592,Anthophora edwardsii,Anthophora,Apinae,Apidae,Female,UCSB
252,UCSB_IZC00037376_R,0.495084069,0.344994608,-0.095744314,-0.202552258,-0.406644131,-0.440210818,0.04210283,0.082747265,0.180222748,0.114905603,0.181277102,0.097947809,0.111567834,0.034473228,0.054189176,-0.074603664,-0.229915861,-0.289841227,Anthophora edwardsii,Anthophora,Apinae,Apidae,Female,UCSB
253,UCSB_IZC00037492_L,0.444755716,0.329981783,-0.076127946,-0.183795954,-0.343053841,-0.481685369,0.042394802,0.100585449,0.16694536,0.114743489,0.207555376,0.1163479,0.147984349,0.050498333,0.041756312,-0.097047403,-0.278177348,-0.30366101,Diadasia bituberculata,Diadasia,Apinae,Apidae,Female,UCSB
254,UCSB_IZC00037492_R,0.439568956,0.324308508,-0.070633331,-0.179927593,-0.345045901,-0.489295075,0.049375359,0.100399334,0.171249742,0.114502372,0.207258553,0.116214773,0.143475603,0.047036657,0.051016268,-0.094628253,-0.276723888,-0.308152084,Diadasia bituberculata,Diadasia,Apinae,Apidae,Female,UCSB
255,UCSB_IZC00037720_L,0.403267165,0.297728178,-0.033148305,-0.114491986,-0.323920571,-0.49110846,0.01023583,0.087049697,0.164388452,0.112703861,0.24442886,0.177499833,0.204520712,0.041313421,0.010933323,-0.181830566,-0.296620438,-0.312949006,Agapostemon texanus,Agapostemon,Halictinae,Halictidae,Female,UCSB
256,UCSB_IZC00037720_R,0.403217425,0.300560936,-0.030445989,-0.116491726,-0.321523432,-0.498518181,0.01303776,0.087548837,0.162614371,0.111049307,0.239310657,0.177463905,0.207084453,0.040330499,0.006042841,-0.177234906,-0.293963103,-0.310083651,Agapostemon texanus,Agapostemon,Halictinae,Halictidae,Female,UCSB
257,UCSB_IZC00038548_L,0.492260142,0.280538107,0.017002423,-0.147854648,-0.349010198,-0.445170109,-0.047813764,0.047365741,0.152682306,0.209588389,0.190697548,0.140004525,0.153394216,0.038157017,0.020181855,-0.170178087,-0.265768243,-0.31607722,Apis mellifera,Apis,Apinae,Apidae,Female,UCSB
258,UCSB_IZC00038548_R,0.485107412,0.283984258,0.025001175,-0.154494783,-0.349787603,-0.447652223,-0.043432933,0.047945597,0.153329101,0.210358295,0.186252925,0.143668987,0.152250054,0.039635373,0.018771245,-0.167062228,-0.264693359,-0.319181293,Apis mellifera,Apis,Apinae,Apidae,Female,UCSB
259,UCSB_IZC00038673_L,0.487061004,0.310946959,0.023847224,-0.156057715,-0.361139177,-0.450753284,-0.049972456,0.046458936,0.149608508,0.199370106,0.191101629,0.135514953,0.13957171,0.029354613,0.014619704,-0.15490007,-0.245687553,-0.308945092,Apis mellifera,Apis,Apinae,Apidae,Female,UCSB
260,UCSB_IZC00038673_R,0.489070896,0.307094419,0.025309845,-0.157687191,-0.357507197,-0.458443952,-0.049987712,0.05078559,0.151365303,0.194667593,0.192528131,0.132093624,0.135169551,0.037025442,0.013760752,-0.155306887,-0.245363562,-0.304574644,Apis mellifera,Apis,Apinae,Apidae,Female,UCSB
261,UCSB_IZC00038762_L,0.441278925,0.325164093,-0.065225111,-0.184079351,-0.352843143,-0.470925898,0.034886766,0.105425811,0.166317908,0.117716215,0.211111451,0.118325967,0.148411831,0.050231178,0.04407201,-0.100577129,-0.276864355,-0.312427167,Diadasia bituberculata,Diadasia,Apinae,Apidae,Female,UCSB
262,UCSB_IZC00038762_R,0.443121105,0.317823412,-0.066902782,-0.18659732,-0.344981268,-0.474463626,0.036667422,0.105219578,0.170113478,0.117293731,0.211293838,0.117771275,0.14802523,0.053264022,0.046706246,-0.099086005,-0.278289628,-0.316978708,Diadasia bituberculata,Diadasia,Apinae,Apidae,Female,UCSB
263,UCSB_IZC00038796_L,0.444100872,0.320942713,-0.057200734,-0.178442263,-0.342844333,-0.484505414,0.037247643,0.091019223,0.169682294,0.125099739,0.207532358,0.120285832,0.142569828,0.044654603,0.046421749,-0.095002327,-0.282237217,-0.309324564,Diadasia bituberculata,Diadasia,Apinae,Apidae,Female,UCSB
264,UCSB_IZC00038796_R,0.435174385,0.327569368,-0.059083546,-0.187958756,-0.344721115,-0.480752762,0.041116149,0.09910018,0.169556097,0.112984517,0.211158746,0.12548688,0.147839355,0.047465101,0.042594926,-0.095710089,-0.284280893,-0.307538543,Diadasia bituberculata,Diadasia,Apinae,Apidae,Female,UCSB
265,UCSB_IZC00038830_L,0.402961489,0.295806928,-0.031123321,-0.108636154,-0.322703486,-0.478589983,0.000767715,0.08321333,0.158303483,0.120667433,0.253182824,0.181289044,0.210164865,0.034174445,0.012323978,-0.189007219,-0.302998558,-0.319796812,Agapostemon texanus,Agapostemon,Halictinae,Halictidae,Female,UCSB
266,UCSB_IZC00038830_R,0.39822234,0.302262746,-0.024396244,-0.105797666,-0.320225114,-0.482197378,-0.001674135,0.081160506,0.152644944,0.127183637,0.253201422,0.181431928,0.209918153,0.033288325,0.009072341,-0.19143298,-0.303624766,-0.319038061,Agapostemon texanus,Agapostemon,Halictinae,Halictidae,Female,UCSB
267,UCSB_IZC00038889_L,0.487973726,0.295238129,0.013857238,-0.13917619,-0.352640021,-0.463737113,-0.039481287,0.047174151,0.150791367,0.205853742,0.181953041,0.132884656,0.150403415,0.034923977,0.012613445,-0.150124298,-0.255965264,-0.312542714,Apis mellifera,Apis,Apinae,Apidae,Female,UCSB
268,UCSB_IZC00038889_R,0.489943753,0.295784264,0.014196084,-0.142925332,-0.357076338,-0.462950797,-0.035865119,0.047761336,0.15113215,0.198906261,0.182551534,0.132421666,0.152256473,0.034960265,0.010800658,-0.151100966,-0.255748312,-0.30504758,Apis mellifera,Apis,Apinae,Apidae,Female,UCSB
269,UCSB_IZC00038891_L,0.479404851,0.297102763,-0.001477498,-0.155818486,-0.360593377,-0.441931696,-0.038318698,0.05967121,0.161960931,0.188258593,0.191985066,0.135132493,0.155592533,0.038223364,0.022597327,-0.155283679,-0.258003237,-0.318502458,Apis mellifera,Apis,Apinae,Apidae,Female,UCSB
270,UCSB_IZC00038891_R,0.478620979,0.296397061,0.003968684,-0.159781473,-0.358514112,-0.443288565,-0.040402601,0.062833822,0.160166204,0.188331021,0.191148207,0.138329915,0.154527782,0.038154854,0.022454502,-0.156415257,-0.257956165,-0.318574859,Apis mellifera,Apis,Apinae,Apidae,Female,UCSB
271,UCSB_IZC00039622_L,0.460039074,0.37949586,-0.112065535,-0.211047528,-0.372004768,-0.433022915,0.026928713,0.088665065,0.173012033,0.107895084,0.211327599,0.109210065,0.127774105,0.027165552,0.053982248,-0.09640453,-0.232925373,-0.30802475,Bombus vosnesenskii,Bombus,Apinae,Apidae,Female,UCSB
272,UCSB_IZC00039622_R,0.45674742,0.3746526,-0.104748911,-0.211464143,-0.367581328,-0.430068171,0.020541998,0.090075906,0.171844628,0.115390257,0.215245098,0.104316291,0.132266832,0.031460533,0.055339085,-0.101145235,-0.241735589,-0.311137272,Bombus vosnesenskii,Bombus,Apinae,Apidae,Female,UCSB
273,UCSB_IZC00039879_L,0.402696447,0.303324172,-0.02904953,-0.124464179,-0.324978257,-0.491633183,0.015135963,0.087607867,0.1613607,0.105943136,0.249243388,0.171467369,0.203360481,0.039968016,0.009173303,-0.172674979,-0.289919774,-0.31656094,Agapostemon texanus,Agapostemon,Halictinae,Halictidae,Female,UCSB
274,UCSB_IZC00039879_R,0.401448009,0.306710628,-0.025618967,-0.113665004,-0.330975507,-0.49360522,0.012354821,0.086507905,0.156843334,0.110842451,0.247861112,0.171090733,0.202822328,0.03571326,0.007412022,-0.171767124,-0.291219221,-0.312755562,Agapostemon texanus,Agapostemon,Halictinae,Halictidae,Female,UCSB
275,UCSB_IZC00040311_L,0.400577521,0.313371398,-0.018193301,-0.10936999,-0.341804832,-0.501999063,0.020224472,0.081062106,0.156131689,0.099916571,0.245616538,0.17530176,0.203054089,0.024440938,0.000294376,-0.159989014,-0.278726964,-0.309908293,Halictus farinosus,Halictus,Halictinae,Halictidae,Female,UCSB
276,UCSB_IZC00040311_R,0.395320846,0.313337786,-0.020353777,-0.112180154,-0.344484256,-0.490924704,0.019306139,0.082833774,0.157144347,0.099068033,0.251674295,0.175796325,0.207778661,0.026763312,0.001692193,-0.164614506,-0.282545781,-0.315612532,Halictus farinosus,Halictus,Halictinae,Halictidae,Female,UCSB
277,UCSB_IZC00040410_L,0.482255377,0.289350055,0.002748512,-0.168999196,-0.357768589,-0.434173666,-0.046870047,0.064259925,0.169197628,0.191318639,0.189012727,0.141241084,0.149402297,0.043052666,0.032125169,-0.168437634,-0.261819939,-0.31589501,Apis mellifera,Apis,Apinae,Apidae,Female,UCSB
278,UCSB_IZC00040410_R,0.476820767,0.293329566,0.008748754,-0.170771769,-0.357844,-0.429139082,-0.051602726,0.063933013,0.166525477,0.192385412,0.194656244,0.144619433,0.14954384,0.043776274,0.029377319,-0.171189334,-0.264255792,-0.318913395,Apis mellifera,Apis,Apinae,Apidae,Female,UCSB
279,UCSB_IZC00040751_L,0.40328534,0.294655804,-0.03310956,-0.12239921,-0.326935592,-0.482426073,0.012402602,0.090564061,0.163962629,0.112493343,0.242537814,0.180677418,0.207249635,0.039044691,0.013897815,-0.178146304,-0.299067582,-0.31868683,Agapostemon texanus,Agapostemon,Halictinae,Halictidae,Female,UCSB
280,UCSB_IZC00040751_R,0.399944213,0.292458814,-0.027163855,-0.12214584,-0.329068299,-0.485985365,0.011238716,0.092600955,0.168120661,0.105923863,0.244069886,0.183823724,0.207895868,0.041300062,0.011851048,-0.181441061,-0.297565755,-0.315857636,Agapostemon texanus,Agapostemon,Halictinae,Halictidae,Female,UCSB
281,UCSB_IZC00040844_L,0.397031117,0.304864711,-0.027959062,-0.108934485,-0.331555522,-0.494080692,0.013880331,0.087108858,0.159644745,0.113455765,0.238592161,0.18167806,0.21074672,0.033897681,0.00577683,-0.180643745,-0.29094912,-0.312554352,Agapostemon texanus,Agapostemon,Halictinae,Halictidae,Female,UCSB
282,UCSB_IZC00040844_R,0.396501383,0.309527187,-0.024823407,-0.107433577,-0.336498395,-0.495237501,0.0143887,0.085149259,0.158426351,0.113743128,0.237183035,0.180620792,0.208215135,0.03051459,0.00469926,-0.174916871,-0.289571281,-0.310487787,Agapostemon texanus,Agapostemon,Halictinae,Halictidae,Female,UCSB
283,UCSB_IZC00040910_L,0.483331778,0.29491866,0.009309198,-0.170045929,-0.35492469,-0.437917029,-0.037470717,0.056373256,0.156425473,0.204720061,0.18390924,0.136105327,0.150238302,0.044074362,0.026145214,-0.167117394,-0.264068168,-0.314006944,Apis mellifera,Apis,Apinae,Apidae,Female,UCSB
284,UCSB_IZC00040910_R,0.482376006,0.292489561,0.012008724,-0.171187583,-0.35488791,-0.433606625,-0.038850848,0.056244319,0.155414354,0.206114058,0.187927876,0.137466502,0.149155728,0.043416025,0.02843929,-0.167517114,-0.266282913,-0.318719452,Apis mellifera,Apis,Apinae,Apidae,Female,UCSB
285,UCSB_IZC00040929_L,0.438904127,0.323179325,-0.039610219,-0.181377781,-0.337953527,-0.464233495,0.019064449,0.082091211,0.159935909,0.137253464,0.229674956,0.124709312,0.143140268,0.046596567,0.043781816,-0.11855021,-0.288489749,-0.318116423,Diadasia bituberculata,Diadasia,Apinae,Apidae,Female,UCSB
286,UCSB_IZC00040929_R,0.436061145,0.325065228,-0.038834841,-0.182722016,-0.33790575,-0.470391721,0.024088074,0.085735967,0.158903914,0.137796284,0.225752586,0.121964372,0.141599822,0.049007759,0.044917636,-0.11868952,-0.284485812,-0.317863127,Diadasia bituberculata,Diadasia,Apinae,Apidae,Female,UCSB
287,UCSB_IZC00040988_L,0.465498961,0.299237326,0.014835364,-0.154202383,-0.354900746,-0.432624748,-0.049042032,0.054461374,0.156736883,0.207198691,0.199332037,0.141734975,0.15766458,0.039117616,0.026579913,-0.178446374,-0.268633871,-0.324547567,Apis mellifera,Apis,Apinae,Apidae,Female,UCSB
288,UCSB_IZC00040988_R,0.466632472,0.296878745,0.016269803,-0.15737463,-0.357778554,-0.43726572,-0.04814982,0.056991475,0.163796229,0.202564599,0.191983303,0.143369728,0.156419728,0.042520363,0.025420187,-0.178138636,-0.262581506,-0.321557765,Apis mellifera,Apis,Apinae,Apidae,Female,UCSB
289,UCSB_IZC00041034_L,0.406256737,0.293100374,-0.023852481,-0.107338114,-0.329964704,-0.485100216,0.00350196,0.081734595,0.161661848,0.115650871,0.245342646,0.185018742,0.210194178,0.030414264,0.008845664,-0.183921177,-0.299257526,-0.312287662,Agapostemon texanus,Agapostemon,Halictinae,Halictidae,Female,UCSB
290,UCSB_IZC00041034_R,0.401525581,0.295347104,-0.020139927,-0.099652719,-0.328007884,-0.485090197,0.000636297,0.081490134,0.153891611,0.116843365,0.255958907,0.186665294,0.20896104,0.029240435,0.0062492,-0.185030897,-0.301633457,-0.317253887,Agapostemon texanus,Agapostemon,Halictinae,Halictidae,Female,UCSB
291,UCSB_IZC00041336_L,0.449252627,0.38334041,-0.100521718,-0.197556947,-0.373771789,-0.441691564,0.023012109,0.089322457,0.168614415,0.117573261,0.215465488,0.101676795,0.126720265,0.024668746,0.058465594,-0.104460085,-0.228993171,-0.311116894,Bombus vosnesenskii,Bombus,Apinae,Apidae,Female,UCSB
292,UCSB_IZC00041336_R,0.454127556,0.379531522,-0.106201613,-0.213044726,-0.372381972,-0.440713445,0.031341077,0.091144849,0.176196751,0.112929668,0.207014561,0.09865484,0.127154308,0.033370058,0.058653973,-0.101345971,-0.226223647,-0.310207789,Bombus vosnesenskii,Bombus,Apinae,Apidae,Female,UCSB
293,UCSB_IZC00041391_L,0.448340041,0.386462424,-0.067200956,-0.195238085,-0.402609479,-0.44527987,0.039838883,0.07582352,0.159863522,0.104366152,0.224384913,0.100945718,0.121479287,0.021258366,0.045019956,-0.093577913,-0.237899169,-0.285977309,Habropoda depressa,Habropoda,Apinae,Apidae,Female,UCSB
294,UCSB_IZC00041391_R,0.456935445,0.38798368,-0.073509282,-0.197639671,-0.399271309,-0.442626496,0.037170656,0.074081122,0.156875856,0.099201608,0.233137595,0.097213286,0.116172598,0.021237908,0.044456738,-0.092120476,-0.235389856,-0.283909401,Habropoda depressa,Habropoda,Apinae,Apidae,Female,UCSB
295,UCSB_IZC00041462_L,0.407276303,0.299294062,-0.039862755,-0.117758076,-0.32572686,-0.493951969,0.011922339,0.093837457,0.164969498,0.107973062,0.237242518,0.175541063,0.203715592,0.042912987,0.007670581,-0.170405789,-0.289935389,-0.314714625,Agapostemon texanus,Agapostemon,Halictinae,Halictidae,Female,UCSB
296,UCSB_IZC00041462_R,0.404678862,0.301590854,-0.03931736,-0.111893471,-0.333074637,-0.488590813,0.009777206,0.092770641,0.164058718,0.109297211,0.242557178,0.174552452,0.202535234,0.036749598,0.014415706,-0.176493323,-0.292425135,-0.311188921,Agapostemon texanus,Agapostemon,Halictinae,Halictidae,Female,UCSB
297,UCSB_IZC00041511_L,0.41026385,0.293374246,-0.035182208,-0.108359511,-0.323978218,-0.480618201,0.00326047,0.084159607,0.157079966,0.11806834,0.243037989,0.185935882,0.21572107,0.031689729,0.004371424,-0.18091453,-0.299070003,-0.318839902,Agapostemon texanus,Agapostemon,Halictinae,Halictidae,Female,UCSB
298,UCSB_IZC00041511_R,0.404616562,0.290076231,-0.030634294,-0.109352717,-0.32776365,-0.471417151,-0.002004577,0.087572368,0.158907228,0.119513337,0.247587696,0.189588308,0.21633897,0.030634681,0.009228239,-0.182634559,-0.304324521,-0.325932151,Agapostemon texanus,Agapostemon,Halictinae,Halictidae,Female,UCSB
299,UCSB_IZC00041517_L,0.400260846,0.289512329,-0.044045028,-0.117101828,-0.331129119,-0.479532248,0.014722162,0.093272154,0.174040733,0.109922297,0.241239967,0.181953731,0.207134728,0.041027896,0.022045066,-0.183196048,-0.29760778,-0.322519857,Agapostemon texanus,Agapostemon,Halictinae,Halictidae,Female,UCSB
300,UCSB_IZC00041517_R,0.399836548,0.291692816,-0.039738633,-0.116183999,-0.327723568,-0.485438106,0.015340199,0.092409476,0.169805266,0.105517441,0.244656043,0.182706077,0.209304812,0.043646794,0.013049799,-0.182912253,-0.29706083,-0.318907883,Agapostemon texanus,Agapostemon,Halictinae,Halictidae,Female,UCSB
301,UCSB_IZC00041521_L,0.408251356,0.3004793,-0.024666332,-0.110122314,-0.332155347,-0.494961472,0.013476957,0.083507309,0.156190543,0.110736491,0.241739404,0.179023083,0.206517535,0.031038864,0.004443518,-0.176271024,-0.288630052,-0.308597819,Agapostemon texanus,Agapostemon,Halictinae,Halictidae,Female,UCSB
302,UCSB_IZC00041521_R,0.403455975,0.298829,-0.020271194,-0.110701391,-0.332894222,-0.494084867,0.013302442,0.085269963,0.157094292,0.110164671,0.241916138,0.182599291,0.209215863,0.034772426,0.001280891,-0.178589592,-0.289529545,-0.311830142,Agapostemon texanus,Agapostemon,Halictinae,Halictidae,Female,UCSB
303,UCSB_IZC00041667_L,0.452419956,0.375827321,-0.108513556,-0.214388004,-0.359714157,-0.43042114,0.020884763,0.085576916,0.1783279,0.125640765,0.217638128,0.093010525,0.128788186,0.044733434,0.06520465,-0.123623467,-0.250728127,-0.300664096,Bombus californicus,Bombus,Apinae,Apidae,Female,UCSB
304,UCSB_IZC00041667_R,0.45463111,0.381344482,-0.108465864,-0.216743007,-0.359325237,-0.428479589,0.019596485,0.084010914,0.173430706,0.128094361,0.217725606,0.090086889,0.129540366,0.041926908,0.062888909,-0.121701783,-0.247394655,-0.301166601,Bombus californicus,Bombus,Apinae,Apidae,Female,UCSB
305,UCSB_IZC00041836_L,0.400911165,0.296702146,-0.024477592,-0.115693061,-0.324626056,-0.487308524,0.013678975,0.084623914,0.156189033,0.115380228,0.244988893,0.183527421,0.213056543,0.039449106,0.002823758,-0.184386583,-0.296459095,-0.318380273,Agapostemon texanus,Agapostemon,Halictinae,Halictidae,Female,UCSB
306,UCSB_IZC00041836_R,0.40388973,0.293624138,-0.027027641,-0.118748131,-0.325913493,-0.480749021,0.012464453,0.087491046,0.154968918,0.115864169,0.246866834,0.183886984,0.211447424,0.038519907,0.007223854,-0.185266711,-0.297462777,-0.321079685,Agapostemon texanus,Agapostemon,Halictinae,Halictidae,Female,UCSB
307,UCSB_IZC00041916_L,0.452195101,0.340648069,-0.063922093,-0.183409936,-0.349099704,-0.457317023,0.011432003,0.09199399,0.157479594,0.131731394,0.218997223,0.113640936,0.145171911,0.038608721,0.04344715,-0.113038335,-0.276116336,-0.302442664,Diadasia bituberculata,Diadasia,Apinae,Apidae,Female,UCSB
308,UCSB_IZC00041916_R,0.444030524,0.334470957,-0.065367851,-0.176912774,-0.342726481,-0.469295705,0.012037208,0.094915724,0.168848398,0.122443635,0.221380845,0.118641975,0.145435768,0.04128792,0.045599601,-0.113225818,-0.27368495,-0.307878975,Diadasia bituberculata,Diadasia,Apinae,Apidae,Female,UCSB
309,UCSB_IZC00042004_L,0.448188606,0.39388707,-0.109713941,-0.207779791,-0.373327255,-0.441835762,0.027262982,0.092271685,0.171046405,0.105674543,0.216690256,0.099229305,0.127328946,0.025633922,0.056520727,-0.10244459,-0.221813794,-0.306819315,Bombus vosnesenskii,Bombus,Apinae,Apidae,Female,UCSB
310,UCSB_IZC00042004_R,0.452665354,0.39636631,-0.108992404,-0.209651771,-0.370284316,-0.442703405,0.023886199,0.093664731,0.165049302,0.112294318,0.214815845,0.094632035,0.123132853,0.027471834,0.056282841,-0.101433845,-0.224069155,-0.303126725,Bombus vosnesenskii,Bombus,Apinae,Apidae,Female,UCSB
311,UCSB_IZC00042265_L,0.403130297,0.301628386,-0.031756707,-0.125451188,-0.326951388,-0.485552942,0.014504145,0.090922483,0.159526915,0.109715889,0.247500605,0.171062147,0.205610384,0.04790879,0.006929417,-0.179999101,-0.294812127,-0.313916004,Agapostemon texanus,Agapostemon,Halictinae,Halictidae,Female,UCSB
312,UCSB_IZC00042265_R,0.401722903,0.30445579,-0.02657564,-0.126593621,-0.329694771,-0.485989345,0.013441206,0.089855047,0.159378431,0.112083061,0.243344655,0.173312093,0.20529877,0.047084603,0.005561265,-0.181972905,-0.2953367,-0.309374843,Agapostemon texanus,Agapostemon,Halictinae,Halictidae,Female,UCSB
313,UCSB_IZC00042293_L,0.493138373,0.296233713,0.008112344,-0.162140707,-0.359212385,-0.442740732,-0.042546444,0.057288009,0.151867828,0.202128036,0.181112187,0.136600319,0.146482216,0.034706543,0.023664817,-0.158749443,-0.257177319,-0.308767356,Apis mellifera,Apis,Apinae,Apidae,Female,UCSB
314,UCSB_IZC00042293_R,0.493953131,0.293091146,0.012037967,-0.162807348,-0.355753314,-0.438408007,-0.043138393,0.05295173,0.148073087,0.207581412,0.18413435,0.13766345,0.148329113,0.035533487,0.020688074,-0.157133724,-0.260477894,-0.316318269,Apis mellifera,Apis,Apinae,Apidae,Female,UCSB
315,UCSB_IZC00042308_L,0.407304333,0.296373929,-0.040812829,-0.12388793,-0.323192745,-0.474687594,0.007914665,0.08736283,0.163625339,0.114921314,0.248642157,0.176080865,0.207479697,0.035125734,0.019574365,-0.180697376,-0.301521955,-0.319604802,Agapostemon texanus,Agapostemon,Halictinae,Halictidae,Female,UCSB
316,UCSB_IZC00042308_R,0.405299994,0.291345716,-0.041132999,-0.124230335,-0.321231453,-0.475958379,0.010182585,0.090008862,0.16571601,0.115415689,0.246529947,0.179377482,0.207211291,0.044035872,0.017397683,-0.1856168,-0.302476812,-0.321874351,Agapostemon texanus,Agapostemon,Halictinae,Halictidae,Female,UCSB
317,UCSB_IZC00042313_L,0.452306987,0.394891772,-0.103737911,-0.197789035,-0.382687838,-0.435923753,0.023963104,0.08684329,0.162133384,0.122533473,0.204427731,0.104730721,0.130085565,0.025189054,0.047753788,-0.105922157,-0.230658885,-0.29813929,Bombus vosnesenskii,Bombus,Apinae,Apidae,Female,UCSB
318,UCSB_IZC00042313_R,0.459554702,0.398172889,-0.102648348,-0.200722693,-0.374225305,-0.440163632,0.025624646,0.081212141,0.1531956,0.12273509,0.206868051,0.105378485,0.128191912,0.023657369,0.040251813,-0.10228175,-0.229092847,-0.295708124,Bombus vosnesenskii,Bombus,Apinae,Apidae,Female,UCSB
319,UCSB_IZC00042371_L,0.488722921,0.301013445,0.008488234,-0.152825614,-0.367246632,-0.453860552,-0.035259301,0.057963011,0.153004489,0.186934814,0.18519187,0.134481786,0.149840312,0.034481862,0.015882151,-0.15697218,-0.249927148,-0.299913466,Apis mellifera,Apis,Apinae,Apidae,Female,UCSB
320,UCSB_IZC00042371_R,0.482471648,0.304293725,0.000676566,-0.154316,-0.367273219,-0.442062485,-0.035846695,0.057229487,0.154826973,0.190629723,0.191011957,0.134298123,0.15023795,0.035849219,0.022296324,-0.161864403,-0.257041372,-0.305417521,Apis mellifera,Apis,Apinae,Apidae,Female,UCSB
321,UCSB_IZC00042399_L,0.462657844,0.292823334,0.020326925,-0.166730026,-0.357973873,-0.438015599,-0.043360231,0.061683639,0.168587986,0.191388271,0.196878783,0.142121256,0.155750685,0.042185391,0.028309572,-0.160793439,-0.268956526,-0.326883994,Apis mellifera,Apis,Apinae,Apidae,Female,UCSB
322,UCSB_IZC00042399_R,0.466939561,0.289739798,0.019180967,-0.169158645,-0.355006059,-0.442650208,-0.041998349,0.064127558,0.168825376,0.187362944,0.192328409,0.144812243,0.157698222,0.044700324,0.02335015,-0.160259127,-0.26509368,-0.324899484,Apis mellifera,Apis,Apinae,Apidae,Female,UCSB
323,UCSB_IZC00042456_L,0.408244527,0.303264915,-0.030610972,-0.121424618,-0.331397356,-0.48760461,0.011300289,0.08643172,0.161796104,0.110487483,0.239567409,0.175521026,0.206728239,0.03683167,0.007566057,-0.180535645,-0.287688975,-0.308477263,Agapostemon texanus,Agapostemon,Halictinae,Halictidae,Female,UCSB
324,UCSB_IZC00042456_R,0.402744522,0.307142142,-0.02851668,-0.123038843,-0.331181753,-0.49156317,0.01106022,0.092616087,0.160737474,0.103902927,0.241419034,0.17813534,0.20575733,0.040625597,0.002911676,-0.176947483,-0.288914266,-0.306890155,Agapostemon texanus,Agapostemon,Halictinae,Halictidae,Female,UCSB
325,UCSB_IZC00042463_L,0.480083776,0.290562099,0.011189854,-0.161729895,-0.353569354,-0.454492392,-0.041003953,0.064876684,0.164083179,0.192904271,0.182905273,0.134817871,0.150492503,0.047073883,0.022170503,-0.157941006,-0.257959531,-0.314463767,Apis mellifera,Apis,Apinae,Apidae,Female,UCSB
326,UCSB_IZC00042463_R,0.476568296,0.288746027,0.010879047,-0.155510736,-0.357464562,-0.451143053,-0.042015462,0.06575044,0.164190003,0.188440465,0.188303393,0.138366422,0.156136435,0.044315583,0.021190739,-0.16112588,-0.261644243,-0.313982914,Apis mellifera,Apis,Apinae,Apidae,Female,UCSB
327,UCSB_IZC00042465_L,0.395121982,0.293175659,-0.040607543,-0.121587912,-0.322287338,-0.481779996,0.012736248,0.094723696,0.170505204,0.105199849,0.248617649,0.184394171,0.209568611,0.048907594,0.012197585,-0.183099213,-0.303611165,-0.322175082,Agapostemon texanus,Agapostemon,Halictinae,Halictidae,Female,UCSB
328,UCSB_IZC00042465_R,0.39114103,0.293534983,-0.040761066,-0.119471081,-0.322722006,-0.484508775,0.014571706,0.096321529,0.17189368,0.104817474,0.245548744,0.185334571,0.213531811,0.050681044,0.009879408,-0.184016763,-0.303161088,-0.322615201,Agapostemon texanus,Agapostemon,Halictinae,Halictidae,Female,UCSB
329,UCSB_IZC00042543_L,0.474289892,0.293745133,0.0214469,-0.154342701,-0.356050063,-0.450072132,-0.04029357,0.05219219,0.15908435,0.195274199,0.1914871,0.144473544,0.153108758,0.036190477,0.018670751,-0.158431043,-0.262312022,-0.318461765,Apis mellifera,Apis,Apinae,Apidae,Female,UCSB
330,UCSB_IZC00042543_R,0.477742396,0.295418852,0.015060415,-0.161394747,-0.358087109,-0.442001868,-0.039412576,0.050133944,0.162540693,0.201264428,0.187687843,0.139853394,0.147626698,0.039569169,0.024929148,-0.158693857,-0.263794609,-0.318442214,Apis mellifera,Apis,Apinae,Apidae,Female,UCSB
331,UCSB_IZC00042591_L,0.470344137,0.30203356,0.023687941,-0.157647032,-0.35037088,-0.448149925,-0.052548617,0.051222547,0.16142827,0.19255842,0.201386476,0.145736068,0.149320468,0.040432749,0.018158859,-0.174754512,-0.262716617,-0.31012191,Apis mellifera,Apis,Apinae,Apidae,Female,UCSB
332,UCSB_IZC00042591_R,0.469297459,0.302039927,0.021015573,-0.157295127,-0.351011584,-0.43900188,-0.05045355,0.047076463,0.158332719,0.201210192,0.20513279,0.142177904,0.149936211,0.039138207,0.024186748,-0.179049041,-0.268233988,-0.314499024,Apis mellifera,Apis,Apinae,Apidae,Female,UCSB
333,UCSB_IZC00042678_L,0.405103063,0.301013498,-0.036953114,-0.120894232,-0.334395008,-0.484395519,0.013295997,0.089980527,0.167244788,0.108994647,0.238022807,0.174374948,0.208309819,0.040829597,0.010510295,-0.179002668,-0.292205118,-0.309834327,Agapostemon texanus,Agapostemon,Halictinae,Halictidae,Female,UCSB
334,UCSB_IZC00042678_R,0.402887304,0.295783128,-0.027418861,-0.119703538,-0.330988919,-0.490702238,0.015067846,0.090574423,0.164500856,0.110442122,0.236885861,0.178250422,0.210946402,0.040180749,0.008424431,-0.181085611,-0.291119894,-0.312924482,Agapostemon texanus,Agapostemon,Halictinae,Halictidae,Female,UCSB
335,UCSB_IZC00042691_L,0.479770386,0.308334944,0.012929899,-0.173559021,-0.349753507,-0.443953757,-0.042816759,0.048739794,0.16030802,0.188680561,0.199109303,0.140080618,0.139320107,0.039631512,0.021334424,-0.15695156,-0.261110937,-0.310094027,Apis mellifera,Apis,Apinae,Apidae,Female,UCSB
336,UCSB_IZC00042691_R,0.474043764,0.309710062,0.017107038,-0.169855871,-0.351230061,-0.435551131,-0.046510964,0.045691692,0.156595471,0.192197985,0.208217303,0.143507596,0.140490002,0.038085403,0.021238134,-0.160729797,-0.268762312,-0.314244314,Apis mellifera,Apis,Apinae,Apidae,Female,UCSB
337,UCSB_IZC00042834_L,0.503039375,0.289374264,-0.029464555,-0.165308953,-0.34862848,-0.427734864,-0.036943406,0.056301774,0.159364846,0.199303272,0.191614895,0.12699354,0.14358849,0.043210938,0.035033315,-0.157346542,-0.257568712,-0.324829196,Apis mellifera,Apis,Apinae,Apidae,Female,UCSB
338,UCSB_IZC00042834_R,0.50240933,0.286507531,-0.026289883,-0.167404195,-0.342191517,-0.434615439,-0.033015234,0.055030722,0.159568685,0.197866383,0.19074368,0.128047137,0.143677869,0.052682327,0.026765906,-0.155560274,-0.257290374,-0.326932653,Apis mellifera,Apis,Apinae,Apidae,Female,UCSB
339,UCSB_IZC00042882_L,0.483993346,0.294858039,0.00387062,-0.166163103,-0.354882519,-0.436988389,-0.041294187,0.057599353,0.15900684,0.195627622,0.189438019,0.143402276,0.147948748,0.042844231,0.024164616,-0.165896938,-0.265306387,-0.312222188,Apis mellifera,Apis,Apinae,Apidae,Female,UCSB
340,UCSB_IZC00042882_R,0.483398492,0.304931733,0.007219376,-0.167128524,-0.356844359,-0.449520557,-0.038810161,0.057531661,0.15922234,0.189536948,0.184485027,0.139846113,0.145123334,0.039219832,0.019781311,-0.159210244,-0.251812408,-0.306969915,Apis mellifera,Apis,Apinae,Apidae,Female,UCSB
341,UCSB_IZC00042935_L,0.391384783,0.31026402,-0.021631596,-0.117570392,-0.34172436,-0.482776866,0.010782886,0.081413793,0.169857732,0.095001509,0.259753987,0.178019112,0.206055707,0.026993005,0.012131422,-0.172460137,-0.29203496,-0.313459644,Halictus farinosus,Halictus,Halictinae,Halictidae,Female,UCSB
342,UCSB_IZC00042935_R,0.395712335,0.313114293,-0.020453092,-0.113382353,-0.336375197,-0.49235969,0.011623755,0.078287825,0.163832125,0.099326418,0.256119518,0.176070076,0.203739417,0.026725841,0.006415296,-0.170195353,-0.285793635,-0.312407578,Halictus farinosus,Halictus,Halictinae,Halictidae,Female,UCSB
343,UCSB_IZC00042970_L,0.454784561,0.381033958,-0.100089546,-0.208172494,-0.365219597,-0.424539956,0.016472603,0.079183056,0.166547415,0.129164166,0.226973224,0.092870401,0.127350545,0.039261466,0.057769233,-0.122167952,-0.246592131,-0.304628953,Bombus californicus,Bombus,Apinae,Apidae,Female,UCSB
344,UCSB_IZC00042970_R,0.458274154,0.377762117,-0.098449983,-0.204867078,-0.36107596,-0.427606752,0.013978084,0.078836542,0.163148876,0.134572653,0.225314195,0.093626861,0.125603106,0.036900113,0.059046539,-0.121977929,-0.247426045,-0.305659493,Bombus californicus,Bombus,Apinae,Apidae,Female,UCSB
345,UCSB_IZC00043205_L,0.447517835,0.271053798,-0.034655829,-0.174818513,-0.371033048,-0.446443716,0.042913767,0.086588329,0.178877377,0.130023358,0.210641863,0.13975166,0.161099049,0.029556919,0.05939115,-0.088322162,-0.2902647,-0.351877136,Eucera actuosa,Eucera,Apinae,Apidae,Female,UCSB
346,UCSB_IZC00043427_L,0.409541878,0.305385219,-0.02964616,-0.116629069,-0.325975699,-0.485163355,0.008335537,0.080847061,0.153304588,0.12199491,0.244813773,0.173241417,0.201531781,0.035239657,0.007948834,-0.177556388,-0.290390091,-0.316823891,Agapostemon texanus,Agapostemon,Halictinae,Halictidae,Female,UCSB
347,UCSB_IZC00043427_R,0.405340925,0.306505912,-0.033009672,-0.11757715,-0.323924549,-0.487850608,0.010422536,0.084940836,0.155151769,0.115817201,0.246284297,0.17457048,0.202956329,0.040292974,0.004682843,-0.17580702,-0.291676895,-0.317120208,Agapostemon texanus,Agapostemon,Halictinae,Halictidae,Female,UCSB
348,UCSB_IZC00043471_L,0.45614158,0.269015485,-0.020952846,-0.169538952,-0.371673848,-0.441993163,0.041532866,0.079955048,0.157513831,0.14598606,0.21307605,0.140652429,0.162597915,0.01676309,0.057106093,-0.092900403,-0.283937248,-0.359343988,Eucera actuosa,Eucera,Apinae,Apidae,Female,UCSB
349,UCSB_IZC00043584_L,0.429348366,0.298657936,-0.024892983,-0.152783995,-0.368615992,-0.454664883,0.034549926,0.087460932,0.150940692,0.157364369,0.208794826,0.136639458,0.166698441,0.021229858,0.050402463,-0.100211816,-0.289173931,-0.35174367,Eucera actuosa,Eucera,Apinae,Apidae,Female,UCSB
350,UCSB_IZC00043585_L,0.42414899,0.321033894,0.032026492,-0.094091563,-0.334829786,-0.481089883,-0.034354944,0.045736641,0.121420159,0.1660936,0.245007787,0.173678974,0.189127405,0.002079674,-0.020648853,-0.131877777,-0.288716098,-0.334744711,Andrena oenotherae,Andrena,Andreninae,Andrenidae,Female,UCSB
351,UCSB_IZC00043585_R,0.418335606,0.326565875,0.034574659,-0.095414835,-0.338525552,-0.476220139,-0.035045036,0.043750099,0.121979324,0.163956621,0.252111765,0.173178956,0.187288351,0.002096672,-0.020093094,-0.132762161,-0.289310296,-0.336466814,Andrena oenotherae,Andrena,Andreninae,Andrenidae,Female,UCSB
352,UCSB_IZC00043591_L,0.41715532,0.329815731,0.034410378,-0.091659695,-0.344162926,-0.479324809,-0.032904104,0.044831216,0.121838889,0.162927827,0.24719762,0.172988255,0.190918391,-0.004978825,-0.017505588,-0.135761621,-0.287563737,-0.328222321,Andrena oenotherae,Andrena,Andreninae,Andrenidae,Female,UCSB
353,UCSB_IZC00043591_R,0.420101443,0.325394038,0.032876079,-0.096752366,-0.338988551,-0.483928275,-0.028323627,0.047419604,0.122201655,0.160181246,0.243895951,0.171313102,0.192801726,0.002277328,-0.022380527,-0.131651949,-0.28669887,-0.329738009,Andrena oenotherae,Andrena,Andreninae,Andrenidae,Female,UCSB
354,UCSB_IZC00043598_L,0.418936232,0.326688484,0.047836774,-0.091336169,-0.338276803,-0.488635247,-0.027267773,0.039657216,0.112397286,0.162811189,0.249381857,0.179067714,0.187248582,-0.004511784,-0.029444999,-0.123106482,-0.283693329,-0.337752748,Andrena oenotherae,Andrena,Andreninae,Andrenidae,Female,UCSB
355,UCSB_IZC00043598_R,0.41055337,0.33318963,0.048884141,-0.085571893,-0.341537282,-0.485552735,-0.030832265,0.038461369,0.112405665,0.171496989,0.25209665,0.173821742,0.185314855,-0.006795949,-0.02206753,-0.1268402,-0.288838066,-0.338188491,Andrena oenotherae,Andrena,Andreninae,Andrenidae,Female,UCSB
356,UCSB_IZC00043741_L,0.434856433,0.292072355,-0.003260807,-0.196290931,-0.39409105,-0.452068767,0.029348408,0.110186011,0.179248348,0.122938124,0.191260312,0.152435189,0.147566182,0.029762321,0.060692535,-0.104929784,-0.283432114,-0.316292765,Osmia nemoris,Osmia,Megachilinae,Megachilidae,Female,UCSB
357,UCSB_IZC00043741_R,0.436557435,0.295486662,-0.008359222,-0.195656838,-0.390648547,-0.448651538,0.025208773,0.112530899,0.173532377,0.123389388,0.196825151,0.150858868,0.14916892,0.029835338,0.060243759,-0.11354389,-0.282219902,-0.314557632,Osmia nemoris,Osmia,Megachilinae,Megachilidae,Female,UCSB
358,UCSB_IZC00044054_L,0.40400941,0.307508876,-0.030336769,-0.119369814,-0.331297494,-0.481173077,0.009903914,0.088858569,0.151896385,0.110803685,0.247741111,0.180207069,0.207392866,0.035954514,0.002970198,-0.177031069,-0.295138237,-0.312900135,Agapostemon texanus,Agapostemon,Halictinae,Halictidae,Female,UCSB
359,UCSB_IZC00044054_R,0.408962663,0.307768823,-0.029063268,-0.114741661,-0.333523403,-0.490012109,0.00425946,0.087584574,0.158764922,0.111496593,0.243329655,0.172478223,0.198415794,0.030888305,0.009251744,-0.166636874,-0.288312903,-0.310910538,Agapostemon texanus,Agapostemon,Halictinae,Halictidae,Female,UCSB
360,UCSB_IZC00044306_L,0.491574888,0.288090974,0.014863185,-0.159090448,-0.356743773,-0.446871046,-0.040465252,0.05750275,0.151138722,0.198085138,0.18483967,0.142132042,0.149457057,0.035481719,0.019436613,-0.158767205,-0.253994013,-0.31667102,Apis mellifera,Apis,Apinae,Apidae,Female,UCSB
361,UCSB_IZC00044306_R,0.486599097,0.289316158,0.010961319,-0.149794409,-0.361747008,-0.452752387,-0.03932142,0.058692553,0.158046097,0.191911341,0.183893535,0.140069347,0.152864993,0.039333982,0.016374473,-0.160423331,-0.252710668,-0.311313673,Apis mellifera,Apis,Apinae,Apidae,Female,UCSB
362,UCSB_IZC00044443_L,0.482070341,0.294370297,0.024455044,-0.156231301,-0.353307108,-0.44753244,-0.041507001,0.054757969,0.142924199,0.206045723,0.193626698,0.141151721,0.144318537,0.039737511,0.016902709,-0.160051269,-0.25966454,-0.322067089,Apis mellifera,Apis,Apinae,Apidae,Female,UCSB
363,UCSB_IZC00044443_R,0.487903827,0.295979188,0.021122221,-0.158405835,-0.355305994,-0.446240704,-0.040658037,0.055698524,0.139906809,0.202358106,0.193551488,0.142057036,0.142907647,0.034435829,0.017965895,-0.160316893,-0.253640292,-0.319318816,Apis mellifera,Apis,Apinae,Apidae,Female,UCSB
364,UCSB_IZC00044716_L,0.469058065,0.30780904,0.007422532,-0.168916848,-0.355433271,-0.440174872,-0.045339259,0.064897797,0.160676816,0.178810043,0.204338782,0.145656299,0.147628136,0.042280319,0.022670266,-0.172297051,-0.25597963,-0.313107165,Apis mellifera,Apis,Apinae,Apidae,Female,UCSB
365,UCSB_IZC00044716_R,0.471124781,0.310245091,-0.004258644,-0.169526113,-0.355603652,-0.43011432,-0.049718545,0.067200476,0.160650926,0.183352372,0.200793857,0.148430926,0.149076139,0.042868748,0.023434873,-0.17477075,-0.255990679,-0.317195485,Apis mellifera,Apis,Apinae,Apidae,Female,UCSB
366,UCSB_IZC00046903_L,0.390412758,0.312339257,-0.012337436,-0.109666416,-0.345412662,-0.489208409,0.015588499,0.079389125,0.158895284,0.098536802,0.259537737,0.177646406,0.207264981,0.026024261,0.003235998,-0.170772002,-0.286458961,-0.315015223,Halictus farinosus,Halictus,Halictinae,Halictidae,Female,UCSB
367,UCSB_IZC00046903_R,0.390408726,0.311483482,-0.006708453,-0.106151066,-0.33859901,-0.499788246,0.015341438,0.078396735,0.155616393,0.101027754,0.257069054,0.177915364,0.207360501,0.026191179,-0.002150695,-0.165291458,-0.284697743,-0.317423955,Halictus farinosus,Halictus,Halictinae,Halictidae,Female,UCSB
368,UCSB_IZC00046915_L,0.451557437,0.2664697,-0.038023338,-0.177152743,-0.355395002,-0.442137239,0.041298707,0.087713895,0.165668583,0.1431893,0.211174832,0.144356175,0.167330761,0.025395064,0.062279276,-0.099565612,-0.294850155,-0.359309641,Eucera actuosa,Eucera,Apinae,Apidae,Female,UCSB
369,UCSB_IZC00046949_L,0.39557987,0.30270553,-0.036013205,-0.103615983,-0.319915393,-0.474042129,0.001533306,0.076160231,0.157607773,0.118128769,0.261695025,0.188313126,0.213365995,0.033137209,0.006228402,-0.188883092,-0.306798406,-0.325187029,Agapostemon texanus,Agapostemon,Halictinae,Halictidae,Female,UCSB
370,UCSB_IZC00046949_R,0.398145639,0.302389208,-0.031402766,-0.105730742,-0.31881843,-0.469828392,0.001520618,0.07592991,0.147794956,0.130768448,0.258159848,0.186056814,0.215742507,0.031883133,0.007241124,-0.195161951,-0.309078255,-0.325611667,Agapostemon texanus,Agapostemon,Halictinae,Halictidae,Female,UCSB
371,UCSB_IZC00046952_L,0.434154773,0.30255601,-0.001826572,-0.192113133,-0.392749502,-0.451971168,0.016516107,0.106554748,0.178878737,0.117519442,0.202187503,0.15110615,0.148620165,0.025676449,0.0570011,-0.118454204,-0.275435617,-0.308220989,Osmia nemoris,Osmia,Megachilinae,Megachilidae,Female,UCSB
372,UCSB_IZC00046952_R,0.433320205,0.301969652,0.001979045,-0.194671262,-0.386071383,-0.458946396,0.014107801,0.108563139,0.179749199,0.116042876,0.200256917,0.153179184,0.149643186,0.024167561,0.056699208,-0.118729522,-0.273638477,-0.307620933,Osmia nemoris,Osmia,Megachilinae,Megachilidae,Female,UCSB
373,UCSB_IZC00046991_L,0.422774583,0.297570649,-0.014088377,-0.186001753,-0.398210048,-0.452050275,0.02632838,0.116926821,0.18675002,0.110997838,0.196129646,0.156953401,0.156624709,0.027455728,0.061485801,-0.112647105,-0.284901355,-0.312098662,Osmia nemoris,Osmia,Megachilinae,Megachilidae,Female,UCSB
374,UCSB_IZC00046991_R,0.425492673,0.296239616,-0.008976682,-0.185734918,-0.394156491,-0.457865635,0.024730118,0.116882033,0.183389284,0.109469384,0.196946262,0.154862601,0.159643831,0.027949377,0.05523583,-0.110330342,-0.281978582,-0.311798363,Osmia nemoris,Osmia,Megachilinae,Megachilidae,Female,UCSB
375,UCSB_IZC00047053_L,0.454985209,0.390445177,-0.0676027,-0.203013309,-0.40097831,-0.439152832,0.036133914,0.069684874,0.159497978,0.096542865,0.235310291,0.100681912,0.114851909,0.018559871,0.043125711,-0.08691491,-0.236508714,-0.285648934,Habropoda depressa,Habropoda,Apinae,Apidae,Female,UCSB
376,UCSB_IZC00047053_R,0.449618842,0.392173636,-0.06030946,-0.191945086,-0.402468049,-0.446489484,0.035620813,0.069205608,0.154593179,0.106914129,0.228680933,0.102875223,0.115295017,0.018231911,0.039637989,-0.089487675,-0.235003116,-0.287144412,Habropoda depressa,Habropoda,Apinae,Apidae,Female,UCSB
377,UCSB_IZC00047206_L,0.439308162,0.292558689,-0.016369511,-0.189481505,-0.390763983,-0.448956479,0.021788357,0.111747944,0.180168326,0.124008491,0.19444271,0.145108038,0.154991546,0.031969622,0.061576369,-0.120988599,-0.280555898,-0.310552279,Osmia nemoris,Osmia,Megachilinae,Megachilidae,Female,UCSB
378,UCSB_IZC00047206_R,0.437897545,0.292044731,-0.011591484,-0.192620885,-0.389878243,-0.442807186,0.018608704,0.110512554,0.177834265,0.128828962,0.194652828,0.149421657,0.15690701,0.031283882,0.060494659,-0.123138633,-0.284294657,-0.314155708,Osmia nemoris,Osmia,Megachilinae,Megachilidae,Female,UCSB
379,UCSB_IZC00047210_L,0.394688811,0.316090552,-0.011368643,-0.104355651,-0.347030737,-0.50050333,0.013499603,0.077429494,0.161549901,0.10275417,0.249963998,0.173582461,0.199305296,0.021765876,0.006866695,-0.167793373,-0.280003072,-0.30644205,Halictus farinosus,Halictus,Halictinae,Halictidae,Female,UCSB
380,UCSB_IZC00047210_R,0.394056405,0.317188675,-0.014075675,-0.105310115,-0.343152548,-0.501763546,0.014306206,0.075704079,0.163046519,0.098413087,0.252543906,0.174149002,0.202467158,0.023711633,0.002456311,-0.168200904,-0.276675258,-0.308864935,Halictus farinosus,Halictus,Halictinae,Halictidae,Female,UCSB
381,UCSB_IZC00047217_L,0.453298071,0.277167342,-0.032192166,-0.160589959,-0.366825805,-0.451233076,0.035001911,0.085024494,0.160349187,0.145698956,0.209978807,0.135669407,0.163577781,0.019662436,0.056585053,-0.098557242,-0.282485784,-0.350129415,Eucera actuosa,Eucera,Apinae,Apidae,Female,UCSB
382,UCSB_IZC00047222_R,0.436745768,0.296409322,-0.015614643,-0.187362128,-0.389397766,-0.452929243,0.018963296,0.113234077,0.179951315,0.11392194,0.198854012,0.153567664,0.15388767,0.026999525,0.056613057,-0.114525118,-0.277843713,-0.311475037,Osmia nemoris,Osmia,Megachilinae,Megachilidae,Female,UCSB
383,UCSB_IZC00047281_L,0.441176541,0.266240683,-0.026405504,-0.171605734,-0.361804455,-0.440671709,0.037147141,0.088818738,0.167104299,0.143821175,0.213182967,0.150192095,0.168868419,0.026550557,0.058451337,-0.09709745,-0.301424886,-0.362544216,Eucera actuosa,Eucera,Apinae,Apidae,Female,UCSB
384,UCSB_IZC00047293_L,0.453614964,0.274095815,-0.032082768,-0.166155708,-0.356378956,-0.447099078,0.038768269,0.082002019,0.153235443,0.1513638,0.211837636,0.142529836,0.164893189,0.024074944,0.05052076,-0.09647897,-0.285558666,-0.363182529,Eucera actuosa,Eucera,Apinae,Apidae,Female,UCSB
385,UCSB_IZC00047317_L,0.456578486,0.272219573,-0.029825267,-0.179792911,-0.365242301,-0.444579811,0.037245908,0.086303728,0.167092594,0.145623085,0.203853978,0.138043442,0.159349442,0.026891122,0.060168135,-0.097637629,-0.285440312,-0.350851263,Eucera actuosa,Eucera,Apinae,Apidae,Female,UCSB
386,UCSB_IZC00047330_L,0.458027378,0.276329791,-0.026232376,-0.161496762,-0.367593844,-0.460319382,0.038094541,0.081155732,0.162034922,0.139738197,0.204978724,0.138970866,0.161377077,0.016617529,0.050651291,-0.089092968,-0.277735398,-0.345505317,Eucera actuosa,Eucera,Apinae,Apidae,Female,UCSB
387,UCSB_IZC00047335_L,0.434822527,0.301000099,-0.008036036,-0.202515413,-0.391412965,-0.449364881,0.028172409,0.110093957,0.177240303,0.119809365,0.196325262,0.149198617,0.147450314,0.028889399,0.062064679,-0.113818102,-0.27812842,-0.311791115,Osmia nemoris,Osmia,Megachilinae,Megachilidae,Female,UCSB
388,UCSB_IZC00047335_R,0.433118812,0.304279636,-0.005071616,-0.197837096,-0.397298796,-0.447955464,0.030844334,0.107357448,0.172562742,0.120096523,0.197188926,0.150445455,0.150504688,0.02216814,0.05990373,-0.110310345,-0.279009233,-0.310987884,Osmia nemoris,Osmia,Megachilinae,Megachilidae,Female,UCSB
389,UCSB_IZC00047359_L,0.441731804,0.291086462,-0.004332802,-0.198673873,-0.392612895,-0.443578774,0.017193961,0.111262019,0.177924097,0.133434572,0.189022375,0.14804608,0.151099047,0.025003265,0.069697647,-0.124971105,-0.28225643,-0.309075452,Osmia nemoris,Osmia,Megachilinae,Megachilidae,Female,UCSB
390,UCSB_IZC00047359_R,0.432826868,0.307110519,-0.006483743,-0.188758747,-0.393335018,-0.445064709,0.014493957,0.107794238,0.171416634,0.143942801,0.185407542,0.148440521,0.151853808,0.024838031,0.062318649,-0.124868041,-0.282994769,-0.308938543,Osmia nemoris,Osmia,Megachilinae,Megachilidae,Female,UCSB
391,UCSB_IZC00047372_L,0.428615525,0.303983793,-0.006313755,-0.191214542,-0.386141687,-0.46155569,0.026450289,0.113606962,0.172569105,0.117287249,0.202183281,0.147614526,0.147177426,0.026930372,0.058877713,-0.1074476,-0.277227014,-0.315395953,Osmia nemoris,Osmia,Megachilinae,Megachilidae,Female,UCSB
392,UCSB_IZC00047372_R,0.433013267,0.299040594,-0.011480644,-0.193629706,-0.392601147,-0.449978305,0.028007504,0.113554955,0.174073483,0.115890235,0.20257715,0.151153772,0.14602979,0.028508473,0.059788532,-0.10417354,-0.282667685,-0.317106728,Osmia nemoris,Osmia,Megachilinae,Megachilidae,Female,UCSB
393,UCSB_IZC00047388_L,0.442714453,0.304648306,-0.024318751,-0.187568071,-0.385701343,-0.450792886,0.021793649,0.10336345,0.175861194,0.120517541,0.200458871,0.143472971,0.150687039,0.026053389,0.055381533,-0.107281508,-0.276510485,-0.312779351,Osmia nemoris,Osmia,Megachilinae,Megachilidae,Female,UCSB
394,UCSB_IZC00047388_R,0.423183191,0.312850386,-0.010153179,-0.174250618,-0.388887811,-0.450941805,0.021408524,0.102391323,0.164399989,0.141378263,0.200429338,0.144190302,0.153399144,0.024076666,0.056255625,-0.112332452,-0.287540202,-0.319856683,Osmia nemoris,Osmia,Megachilinae,Megachilidae,Female,UCSB
395,UCSB_IZC00047396_L,0.449979887,0.270755673,-0.025680907,-0.161879146,-0.372636726,-0.445415332,0.040794271,0.083713628,0.160368653,0.140036542,0.211290215,0.147182133,0.170453544,0.008717728,0.058241144,-0.092363746,-0.28943025,-0.354127311,Eucera actuosa,Eucera,Apinae,Apidae,Female,UCSB
396,UCSB_IZC00055264_L,0.393884369,0.28677563,-0.005903159,-0.123450888,-0.338149779,-0.502355349,0.032874048,0.097873091,0.158452035,0.132621544,0.211716507,0.180639348,0.205517865,0.038920207,0.019894206,-0.18039284,-0.279224414,-0.329692422,Ceratina strenua,Ceratina,Xylocopinae,Apidae,Female,UCSB
397,UCSB_IZC00055265_L,0.443354051,0.333628317,0.013220055,-0.141771589,-0.374804276,-0.438212511,-0.001546422,0.053083808,0.113048567,0.181309775,0.22943072,0.141091936,0.164536381,0.00047867,0.023466319,-0.136267781,-0.293043688,-0.311002331,Megachile mendica,Megachile,Megachilinae,Megachilidae,Female,UCSB
398,UCSB_IZC00055286_L,0.409258766,0.258591316,-0.01471649,-0.12336881,-0.320005328,-0.513805743,0.04018022,0.09638461,0.167481459,0.123210325,0.19896422,0.190546112,0.229438447,0.036737157,0.01350904,-0.180773297,-0.286533291,-0.325098713,Lasioglossum hitchensi,Lasioglossum,Halictinae,Halictidae,Female,UCSB
399,UCSB_IZC00055289_L,0.398009262,0.274870112,0.030564489,-0.123460747,-0.353711032,-0.467663949,0.006201531,0.08458845,0.150601884,0.135863777,0.228636845,0.195422465,0.221170671,0.025734747,-0.001419908,-0.155708451,-0.305506534,-0.344193612,Calliopsis andreniformis,Calliopsis,Panurginae,Andrenidae,Female,UCSB
400,UCSB_IZC00055304_L,0.45068726,0.309753559,0.007227816,-0.153063291,-0.368802912,-0.429399532,0.003909451,0.054647628,0.125040021,0.180782426,0.226698403,0.146677716,0.161130446,0.013839331,0.029898278,-0.131661539,-0.304733467,-0.322631594,Megachile mendica,Megachile,Megachilinae,Megachilidae,Female,UCSB
401,UCSB_IZC00055314_R,0.444348775,0.330119739,0.008612628,-0.142657904,-0.373074081,-0.429074696,-0.014336332,0.062599699,0.113462172,0.185787684,0.228735133,0.142739453,0.168263044,0.004831786,0.026067554,-0.149099823,-0.29561094,-0.31171389,Megachile mendica,Megachile,Megachilinae,Megachilidae,Female,UCSB
402,UCSB_IZC00055354_L,0.408869768,0.268572929,0.026588571,-0.118227247,-0.356646534,-0.465391322,0.00651725,0.082591194,0.147125391,0.152565487,0.224866062,0.187489167,0.203119895,0.026569399,0.012836338,-0.15568062,-0.304430259,-0.347335469,Calliopsis andreniformis,Calliopsis,Panurginae,Andrenidae,Female,UCSB
403,UCSB_IZC00055354_R,0.410567224,0.267309419,0.02322843,-0.127191862,-0.355944662,-0.4516301,0.00213889,0.08160696,0.149915703,0.151118128,0.228082789,0.192755957,0.20504572,0.020846176,0.017667419,-0.152178035,-0.312208818,-0.351129336,Calliopsis andreniformis,Calliopsis,Panurginae,Andrenidae,Female,UCSB
404,UCSB_IZC00055358_R,0.408492833,0.260237882,0.026732782,-0.106048485,-0.351539347,-0.479111668,-0.005138066,0.089553385,0.156820686,0.14368999,0.222625687,0.190133616,0.210504996,0.0281608,0.007875962,-0.158449582,-0.300766126,-0.343775344,Calliopsis andreniformis,Calliopsis,Panurginae,Andrenidae,Female,UCSB
405,UCSB_IZC00055752_L,0.402600657,0.272687673,0.021491943,-0.136063933,-0.345306012,-0.460168582,0.004317519,0.084764146,0.155676588,0.139656913,0.235374121,0.192561764,0.202446046,0.035175279,0.013737907,-0.164050547,-0.308713027,-0.346188457,Calliopsis andreniformis,Calliopsis,Panurginae,Andrenidae,Female,UCSB
406,UCSB_IZC00058691_R,0.39075853,0.299532579,-0.000422177,-0.117123653,-0.338953687,-0.493509748,0.025692455,0.090976397,0.143049304,0.145494229,0.213998736,0.185357875,0.212493158,0.031631011,0.010834306,-0.186752647,-0.289217532,-0.323839135,Ceratina strenua,Ceratina,Xylocopinae,Apidae,Female,UCSB
407,UCSB_IZC00058706_L,0.441507744,0.328441357,0.002649802,-0.141817782,-0.374409046,-0.425127019,-0.01027803,0.06111216,0.117920815,0.183497578,0.229227162,0.151935675,0.163015432,0.00923253,0.026862665,-0.149520104,-0.300424332,-0.313826606,Megachile mendica,Megachile,Megachilinae,Megachilidae,Female,UCSB
408,UCSB_IZC00058706_R,0.434823608,0.332001338,0.00379209,-0.130055409,-0.370870549,-0.433674703,-0.009857921,0.059973121,0.113868426,0.190800519,0.229094706,0.146660805,0.167152732,0.012386072,0.022630643,-0.153427238,-0.29966301,-0.315635229,Megachile mendica,Megachile,Megachilinae,Megachilidae,Female,UCSB
409,UCSB_IZC00058709_L,0.38977345,0.298388912,-0.013071156,-0.11955713,-0.334866088,-0.500889994,0.033494682,0.101992538,0.144734785,0.132660416,0.214009356,0.186430148,0.211220058,0.035531651,0.012376121,-0.180693083,-0.289556245,-0.321978421,Ceratina strenua,Ceratina,Xylocopinae,Apidae,Female,UCSB
410,UCSB_IZC00058718_R,0.38892393,0.288130224,0.004308849,-0.114141803,-0.340075807,-0.492584963,0.026721579,0.094801009,0.143916982,0.137105206,0.223039898,0.194601036,0.210502714,0.030469587,0.013626358,-0.187268685,-0.291925177,-0.330150936,Ceratina strenua,Ceratina,Xylocopinae,Apidae,Female,UCSB
411,UCSB_IZC00058722_L,0.392492266,0.291704449,0.002712218,-0.117856147,-0.339834855,-0.49517153,0.0227626,0.095926345,0.147264654,0.155589182,0.2071711,0.176190185,0.206968616,0.034756397,0.021474858,-0.182568522,-0.291298982,-0.328282833,Ceratina strenua,Ceratina,Xylocopinae,Apidae,Female,UCSB
412,UCSB_IZC00058737_R,0.452883099,0.32378472,-7.22E-05,-0.15693463,-0.375696626,-0.43208469,-0.002470877,0.06459316,0.125998023,0.171527734,0.220778774,0.150409983,0.153577962,0.009711789,0.032345845,-0.141800453,-0.289441217,-0.307110417,Megachile mendica,Megachile,Megachilinae,Megachilidae,Female,UCSB
413,UCSB_IZC00058740_L,0.449042337,0.335827502,0.00493602,-0.148748793,-0.372343144,-0.416296797,-0.008185549,0.053522406,0.102246018,0.192802102,0.235861198,0.146265831,0.157957104,0.001936836,0.027571573,-0.144093347,-0.301109077,-0.317192219,Megachile mendica,Megachile,Megachilinae,Megachilidae,Female,UCSB
414,UCSB_IZC00058743_R,0.407449983,0.259397963,0.022151584,-0.121015569,-0.347853166,-0.468919239,0.008222368,0.084874809,0.155691269,0.139485208,0.230075174,0.192162252,0.209592641,0.027983208,0.012163922,-0.151756772,-0.306779946,-0.352925687,Calliopsis andreniformis,Calliopsis,Panurginae,Andrenidae,Female,UCSB
415,UCSB_IZC00058762_L,0.38157006,0.289058795,0.036522136,-0.124483019,-0.355427004,-0.470956314,0.001476451,0.089072153,0.153166742,0.13955456,0.230242595,0.195055764,0.21162927,0.029807794,0.005002854,-0.1632685,-0.309947567,-0.338076769,Calliopsis andreniformis,Calliopsis,Panurginae,Andrenidae,Female,UCSB
416,UCSB_IZC00058762_R,0.375721367,0.291634081,0.044202213,-0.12974687,-0.352402975,-0.473333301,-0.006219565,0.091133207,0.159011843,0.142344011,0.225653561,0.201379495,0.208409262,0.031286825,0.008744107,-0.174749281,-0.31039121,-0.332676771,Calliopsis andreniformis,Calliopsis,Panurginae,Andrenidae,Female,UCSB
417,UCSB_IZC00058764_L,0.402049385,0.286468052,-0.000233725,-0.113478876,-0.335854715,-0.497881684,0.020099364,0.08876322,0.15006898,0.143034762,0.216480267,0.17905202,0.208216271,0.031358486,0.014352601,-0.179872798,-0.283301538,-0.329320069,Ceratina strenua,Ceratina,Xylocopinae,Apidae,Female,UCSB
418,UCSB_IZC00058777_L,0.396459921,0.251060162,-0.031286978,-0.106742268,-0.331261996,-0.527030271,0.057560184,0.110598307,0.180642939,0.108188955,0.193608042,0.194742474,0.231260243,0.034140844,0.029779332,-0.188807796,-0.280508669,-0.322403425,Lasioglossum hitchensi,Lasioglossum,Halictinae,Halictidae,Female,UCSB
419,UCSB_IZC00058790_L,0.392669251,0.285051047,-0.001234879,-0.118036636,-0.323186022,-0.510793851,0.03103856,0.094051216,0.150441314,0.138412259,0.216075224,0.183899825,0.207215277,0.041885369,0.012363682,-0.181103898,-0.287949855,-0.330797884,Ceratina strenua,Ceratina,Xylocopinae,Apidae,Female,UCSB
420,UCSB_IZC00058791_L,0.410025371,0.260274232,0.025524999,-0.112899666,-0.349200736,-0.480041578,0.000869982,0.087152884,0.158294512,0.139351262,0.224151768,0.189966763,0.206154477,0.027612876,0.009156536,-0.149045935,-0.299651211,-0.347696534,Calliopsis andreniformis,Calliopsis,Panurginae,Andrenidae,Female,UCSB
421,UCSB_IZC00059172_L,0.405689672,0.2771033,-0.029743057,-0.108465202,-0.3203253,-0.507296123,0.031722949,0.087925759,0.163388002,0.128293331,0.212642223,0.187014892,0.221404608,0.031445851,0.017755111,-0.191698537,-0.287131218,-0.319726262,Lasioglossum hitchensi,Lasioglossum,Halictinae,Halictidae,Female,UCSB
422,UCSB_IZC00059189_L,0.409011677,0.270051071,-0.026898878,-0.103516829,-0.329892139,-0.494118678,0.027542635,0.091558343,0.156262797,0.137885334,0.21575484,0.18504392,0.218958542,0.023632665,0.026851942,-0.185972799,-0.291600755,-0.330553688,Lasioglossum hitchensi,Lasioglossum,Halictinae,Halictidae,Female,UCSB
423,UCSB_IZC00059207_R,0.400762725,0.307861198,0.060121305,-0.080781407,-0.339711238,-0.521667717,-0.026646378,0.069606196,0.130455315,0.151378139,0.224563697,0.194803878,0.199385339,0.00029891,-0.019419036,-0.152503599,-0.281094745,-0.317412583,Panurginus polytrichus,Panurginus,Panurginae,Andrenidae,Female,UCSB
424,UCSB_IZC00059219_L,0.407677592,0.266260324,-0.025088257,-0.115386273,-0.314085752,-0.52217023,0.039798606,0.095709543,0.167284446,0.119258383,0.207452878,0.189930512,0.215180563,0.039259285,0.016833678,-0.181200642,-0.28546609,-0.321248568,Lasioglossum hitchensi,Lasioglossum,Halictinae,Halictidae,Female,UCSB
425,UCSB_IZC00062586_R,0.410788918,0.303850789,0.039278554,-0.07089471,-0.351683095,-0.520619124,-0.015171398,0.070414853,0.134035213,0.146756516,0.216144644,0.189247518,0.201869628,0.002541801,-0.019217894,-0.152759848,-0.272760734,-0.311821631,Panurginus polytrichus,Panurginus,Panurginae,Andrenidae,Female,UCSB
426,UCSB_IZC00062589_R,0.393044015,0.296852888,0.015151798,-0.128672754,-0.340684163,-0.484860967,0.018722646,0.089471913,0.140974623,0.126784358,0.229070131,0.199405049,0.216236512,0.026182111,-0.000269257,-0.185152323,-0.286980429,-0.325276153,Ceratina strenua,Ceratina,Xylocopinae,Apidae,Female,UCSB
427,UCSB_IZC00062594_L,0.381027028,0.297376988,-0.005937092,-0.120987563,-0.326043118,-0.505641569,0.030170549,0.101208986,0.14882579,0.133558996,0.220464072,0.186892385,0.206735356,0.042927842,0.011681992,-0.178101094,-0.291884954,-0.332274596,Ceratina strenua,Ceratina,Xylocopinae,Apidae,Female,UCSB
428,UCSB_IZC00062595_R,0.451163681,0.328463193,-0.007508774,-0.155790154,-0.374848059,-0.422635698,-0.007400596,0.063261277,0.12529513,0.173646416,0.225760037,0.150284804,0.156554721,0.008151927,0.033464346,-0.144509481,-0.295480639,-0.307872131,Megachile mendica,Megachile,Megachilinae,Megachilidae,Female,UCSB
429,UCSB_IZC00062603_L,0.40570791,0.30259465,0.040461811,-0.064918942,-0.360026313,-0.529170188,-0.010171025,0.078230554,0.137291543,0.122676121,0.219849364,0.198378372,0.208607012,-0.0026733,-0.02756628,-0.143130671,-0.267540482,-0.308600137,Panurginus polytrichus,Panurginus,Panurginae,Andrenidae,Female,UCSB
430,UCSB_IZC00062613_R,0.407415123,0.303732179,0.05363876,-0.074573527,-0.357644711,-0.526632512,-0.021919395,0.077614518,0.138369565,0.143397317,0.212241849,0.189817429,0.196223371,0.005248457,-0.018904313,-0.152054686,-0.270409556,-0.305559868,Panurginus polytrichus,Panurginus,Panurginae,Andrenidae,Female,UCSB
431,UCSB_IZC00062635_L,0.414039878,0.31525402,0.035886656,-0.072568232,-0.350623161,-0.512888786,-0.024326286,0.066737854,0.128488058,0.150605115,0.220938509,0.187669911,0.196545256,0.002250747,-0.023499075,-0.15025632,-0.275710269,-0.308543874,Panurginus polytrichus,Panurginus,Panurginae,Andrenidae,Female,UCSB
432,UCSB_IZC00062637_L,0.407953143,0.272322385,0.014054388,-0.1218665,-0.357799208,-0.459299961,0.003199029,0.087165215,0.154271511,0.151116782,0.227779808,0.174384145,0.201811202,0.030380913,0.021087893,-0.150596844,-0.308487108,-0.34747679,Calliopsis andreniformis,Calliopsis,Panurginae,Andrenidae,Female,UCSB
433,UCSB_IZC00062639_L,0.453128733,0.333347807,0.005346269,-0.136751472,-0.377655808,-0.431304049,-0.002543256,0.050203465,0.106228312,0.183413148,0.227178041,0.149471297,0.162007288,-0.005362665,0.019818074,-0.13142793,-0.29609417,-0.309003083,Megachile mendica,Megachile,Megachilinae,Megachilidae,Female,UCSB
434,UCSB_IZC00062640_L,0.447211252,0.331776788,-0.00740761,-0.144836671,-0.371221824,-0.42343587,-0.003002079,0.060140747,0.110775268,0.179850186,0.231301608,0.150511551,0.164948357,0.011853363,0.020291508,-0.147200749,-0.298963826,-0.312591997,Megachile mendica,Megachile,Megachilinae,Megachilidae,Female,UCSB
435,UCSB_IZC00063917_L,0.406252901,0.276896878,-0.030185806,-0.104404394,-0.325623237,-0.524175485,0.038452801,0.096813224,0.165973119,0.112641629,0.204133145,0.188962965,0.223232074,0.027833091,0.011896317,-0.177650113,-0.277168292,-0.313880816,Lasioglossum hitchensi,Lasioglossum,Halictinae,Halictidae,Female,UCSB
436,UCSB_IZC00063940_L,0.406524423,0.258952826,-0.027702624,-0.119238695,-0.330108619,-0.523264012,0.051136916,0.107556557,0.176143228,0.108340173,0.196576829,0.184109094,0.22319085,0.034857348,0.024870086,-0.172548678,-0.277344519,-0.322051184,Lasioglossum hitchensi,Lasioglossum,Halictinae,Halictidae,Female,UCSB
437,UCSB_IZC00063954_L,0.412355053,0.26895966,-0.02690926,-0.104701104,-0.324330456,-0.514676383,0.042470516,0.090858144,0.155973832,0.129007879,0.211201506,0.182385887,0.215587974,0.024131418,0.025292692,-0.183029905,-0.280191703,-0.324385747,Lasioglossum hitchensi,Lasioglossum,Halictinae,Halictidae,Female,UCSB
438,UCSB_IZC00063955_L,0.394839683,0.277310333,-0.028965893,-0.106198204,-0.336795897,-0.512192795,0.046487298,0.097951373,0.167564103,0.122102402,0.205461017,0.185414809,0.222774289,0.027532045,0.028338845,-0.194942206,-0.276274036,-0.320407166,Lasioglossum hitchensi,Lasioglossum,Halictinae,Halictidae,Female,UCSB
439,UCSB_IZC00065364_L,0.407908157,0.307760066,0.043742649,-0.081398419,-0.34451022,-0.517198824,-0.023503237,0.073340213,0.133859615,0.137877159,0.226642383,0.193927744,0.200562085,0.000966738,-0.021607703,-0.14761235,-0.274115076,-0.31664098,Panurginus polytrichus,Panurginus,Panurginae,Andrenidae,Female,UCSB
440,UCSB_IZC00065365_L,0.4095773,0.309495176,0.055733103,-0.081749704,-0.346807023,-0.517455121,-0.021006973,0.066510077,0.125703166,0.153109697,0.219836718,0.190678078,0.198679822,-0.001842584,-0.022313344,-0.145114767,-0.277476427,-0.315557192,Panurginus polytrichus,Panurginus,Panurginae,Andrenidae,Female,UCSB
441,UCSB_IZC00065370_R,0.388862514,0.293476024,-0.010509162,-0.122536687,-0.337321192,-0.489690947,0.033666896,0.099898135,0.144154419,0.135055096,0.223354323,0.184725553,0.209209327,0.036467917,0.018060032,-0.182287698,-0.294349887,-0.330234663,Ceratina strenua,Ceratina,Xylocopinae,Apidae,Female,UCSB
442,UCSB_IZC00065388_L,0.409990044,0.307660056,0.049834997,-0.067049066,-0.352201605,-0.523262885,-0.031658524,0.067509878,0.139177106,0.14256669,0.216293025,0.193970681,0.207278329,-0.008237415,-0.024578434,-0.14908718,-0.270273246,-0.30793245,Panurginus polytrichus,Panurginus,Panurginae,Andrenidae,Female,UCSB
443,UCSB_IZC00065404_R,0.39620616,0.284521002,-0.011823251,-0.137977042,-0.328067612,-0.479903186,0.027430918,0.096214403,0.153398607,0.140489849,0.217591788,0.187550302,0.212294184,0.034737574,0.025577461,-0.184749955,-0.297497985,-0.335993218,Ceratina strenua,Ceratina,Xylocopinae,Apidae,Female,UCSB
444,UCSB_IZC00065437_L,0.405562483,0.307196808,0.052193114,-0.079145456,-0.340929168,-0.511536179,-0.02871541,0.064956809,0.130416999,0.15383622,0.229574258,0.190714219,0.201132685,0.001962858,-0.019435957,-0.155898673,-0.282407682,-0.319477928,Panurginus polytrichus,Panurginus,Panurginae,Andrenidae,Female,UCSB
445,UCSB_IZC00065441_L,0.415345669,0.311283,0.042499058,-0.08684529,-0.351252347,-0.508648776,-0.024726796,0.073853857,0.128491625,0.145533443,0.220515185,0.185131334,0.202619173,0.001377202,-0.022674016,-0.148079061,-0.270307883,-0.314115377,Panurginus polytrichus,Panurginus,Panurginae,Andrenidae,Female,UCSB
446,UCSB_IZC00065443_L,0.415946878,0.267616246,-0.022879983,-0.104359368,-0.32324571,-0.516862999,0.038748117,0.086967332,0.158069486,0.125726211,0.20942301,0.190097726,0.216254553,0.021169257,0.021274124,-0.187029374,-0.279680488,-0.317235018,Lasioglossum hitchensi,Lasioglossum,Halictinae,Halictidae,Female,UCSB
